TV_ID	CREATIVE_ID	PREVIOUS_CONTENT_ID	NEXT_CONTENT_ID	PREVIOUS_NETWORK_ID	NEXT_NETWORK_ID	AUDIENCES	TIMESTAMP
a2b75364	301772	EP000191483262	EP000191483262	Turner Network TV	Turner Network TV	ADB-3469623	1479234744327
a2b75364	301785	unknown	unknown	N/A	N/A	ADB-3469623	1479234744327
a2b75364	301785	unknown	unknown	N/A	N/A	ADB-3469623	1480873031962
a2b75364	301778	EP004971131984	EP004971131984	E!	E!	ADB-3469623	1480873031962
06943365	301778	EP019213280031	EP019213280031	Fox	Fox	ADB-1788972,ADB-1788951	1480458846669
85533597	301778	EP019213280031	EP019213280031	Fox	Fox	ADB-3469623,ADB-3469626,ADB-3469612,ADB-3469625,ADB-3469624,ADB-3469634,ADB-3469614,ADB-3469603	1480458846669
85533597	308122	unknown	unknown	N/A	N/A	ADB-3469623,ADB-3469626,ADB-3469612,ADB-3469625,ADB-3469624,ADB-3469634,ADB-3469614,ADB-3469603	1480456931715
85533597	301783	unknown	EP015057881176	N/A	CBS	ADB-3469623,ADB-3469626,ADB-3469612,ADB-3469625,ADB-3469624,ADB-3469634,ADB-3469614,ADB-3469603	1480456931715
85533597	308122	EP006819110325	EP006819110325	CBS	CBS	ADB-3469623,ADB-3469626,ADB-3469612,ADB-3469625,ADB-3469624,ADB-3469634,ADB-3469614,ADB-3469603	1480594379620
85533597	308122	EP016118480956	EP016118480956	ABC	ABC	ADB-3469623,ADB-3469626,ADB-3469612,ADB-3469625,ADB-3469624,ADB-3469634,ADB-3469614,ADB-3469603	1480594379620
85533597	308122	MV003408350000	MV003408350000	FX	FX	ADB-3469623,ADB-3469626,ADB-3469612,ADB-3469625,ADB-3469624,ADB-3469634,ADB-3469614,ADB-3469603	1478460232183
85533597	301783	unknown	unknown	N/A	N/A	ADB-3469623,ADB-3469626,ADB-3469612,ADB-3469625,ADB-3469624,ADB-3469634,ADB-3469614,ADB-3469603	1478460232183
85533597	308122	EP021854290023	EP021854290023	CBS	CBS	ADB-3469623,ADB-3469626,ADB-3469612,ADB-3469625,ADB-3469624,ADB-3469634,ADB-3469614,ADB-3469603	1481214852669
85533597	301785	EP017392440065	EP017392440065	ABC	ABC	ADB-3469623,ADB-3469626,ADB-3469612,ADB-3469625,ADB-3469624,ADB-3469634,ADB-3469614,ADB-3469603	1481214852669
85533597	308122	EP019213280031	EP019213280031	Fox	Fox	ADB-3469623,ADB-3469626,ADB-3469612,ADB-3469625,ADB-3469624,ADB-3469634,ADB-3469614,ADB-3469603	1481482597864
85533597	308122	MV001263480000	MV001263480000	FX	FX	ADB-3469623,ADB-3469626,ADB-3469612,ADB-3469625,ADB-3469624,ADB-3469634,ADB-3469614,ADB-3469603	1481482597864
85533597	301783	unknown	unknown	N/A	N/A	ADB-3469623,ADB-3469626,ADB-3469612,ADB-3469625,ADB-3469624,ADB-3469634,ADB-3469614,ADB-3469603	1481480267230
85533597	308122	EP021854290023	EP021854290023	CBS	CBS	ADB-3469623,ADB-3469626,ADB-3469612,ADB-3469625,ADB-3469624,ADB-3469634,ADB-3469614,ADB-3469603	1481480267230
85533597	308122	EP021854290023	EP021854290023	CBS	CBS	ADB-3469623,ADB-3469626,ADB-3469612,ADB-3469625,ADB-3469624,ADB-3469634,ADB-3469614,ADB-3469603	1478640443450
85533597	308122	EP003169780262	EP003169780262	USA Network	USA Network	ADB-3469623,ADB-3469626,ADB-3469612,ADB-3469625,ADB-3469624,ADB-3469634,ADB-3469614,ADB-3469603	1478640443450
85533597	308117	EP021838640013	EP021838640013	Fox	Fox	ADB-3469623,ADB-3469626,ADB-3469612,ADB-3469625,ADB-3469624,ADB-3469634,ADB-3469614,ADB-3469603	1480471959412
64b4b474	308117	EP009311820068	EP009311820068	TBS	TBS	ADB-3469614	1480471959412
44c2b696	301778	EP000191483199	EP000191483199	ABC	ABC	ADB-3469603	1480472558366
44c2b696	308122	EP011117850362	EP011117850362	Food Network	Food Network	ADB-3469603	1480472558366
44c2b696	308122	EP017584510156	EP000000000000	Food Network	N/A	ADB-3469603	1480473023793
44c2b696	301785	EP005520800597	EP005520800597	Fox	Fox	ADB-3469603	1480473023793
44c2b696	301772	EP007473660526	EP000191483228	ABC	Turner Network TV	ADB-3469603	1480473603019
44c2b696	301778	MV000485190000	MV000613650000	BET	CMT	ADB-3469603	1480473603019
44c2b696	301784	EP000191483199	EP000191483199	ABC	ABC	ADB-3469603	1480472726878
44c2b696	301784	EP000191483199	EP000191483199	ABC	ABC	ADB-3469603	1480472726878
44c2b696	301784	EP011581240192	EP011581240192	ABC	ABC	ADB-3469603	1479309963611
44c2b696	308122	EP003670780115	EP003670780115	CBS	CBS	ADB-3469603	1479309963611
44c2b696	301778	EP019213280032	EP019213280032	Fox	Fox	ADB-3469603	1478870569628
44c2b696	308122	EP000191483231	EP000191483231	Turner Network TV	Turner Network TV	ADB-3469603	1478870569628
44c2b696	301772	unknown	EP000191483242	N/A	Turner Network TV	ADB-3469603	1480358802442
44c2b696	308122	EP019213280030	EP019213280030	Fox	Fox	ADB-3469603	1480358802442
44c2b696	301784	EP011581240192	EP011581240192	ABC	ABC	ADB-3469603	1480358584187
44c2b696	301772	EP000191483242	EP000191483242	Turner Network TV	Turner Network TV	ADB-3469603	1480358584187
44c2b696	301772	EP000191483231	EP000191483231	Turner Network TV	Turner Network TV	ADB-3469603	1480456312539
44c2b696	301778	EP000191483199	EP000191483199	ABC	ABC	ADB-3469603	1480456312539
44c2b696	301772	EP000191483229	EP000191483229	Turner Network TV	Turner Network TV	ADB-3469603	1480455216608
44c2b696	301784	MV000485190000	MV000613650000	BET	CMT	ADB-3469603	1480455216608
44c2b696	301772	EP000191483242	EP000191483242	Turner Network TV	Turner Network TV	ADB-3469603	1479324102190
a3638696	301772	EP005544654871	EP005544654871	Fox	Fox	ADB-3469634,ADB-3469624,ADB-3469604	1479324102190
a3638696	301772	unknown	SH011324270000	N/A	Fox	ADB-3469634,ADB-3469624,ADB-3469604	1480264496892
a3638696	301772	EP005544654871	EP005544654871	Fox	Fox	ADB-3469634,ADB-3469624,ADB-3469604	1480264496892
a3638696	301772	EP005544654871	EP005544654871	Fox	Fox	ADB-3469634,ADB-3469624,ADB-3469604	1480954023145
a3638696	301784	EP005520800595	EP005520800595	Fox	Fox	ADB-3469634,ADB-3469624,ADB-3469604	1480954023145
a3638696	301772	EP005544654871	EP005544654871	Fox	Fox	ADB-3469634,ADB-3469624,ADB-3469604	1479140794014
a3638696	308117	EP007399290331	EP007399290331	Fox	Fox	ADB-3469634,ADB-3469624,ADB-3469604	1479140794014
a3638696	301778	EP005520800596	EP005520800596	Fox	Fox	ADB-3469634,ADB-3469624,ADB-3469604	1480433022636
a3638696	308122	EP019213490036	EP019213490036	Fox	Fox	ADB-3469634,ADB-3469624,ADB-3469604	1480433022636
768377a7	308122	EP019152141895	EP019152141895	NBC	NBC	ADB-3469614	1480433730414
768377a7	301778	EP019152141896	EP019152141896	NBC	NBC	ADB-3469614	1480433730414
768377a7	301778	EP019152141902	unknown	NBC	N/A	ADB-3469614	1480433319342
768377a7	301778	EP019152141896	unknown	NBC	N/A	ADB-3469614	1480433319342
768377a7	308122	unknown	unknown	N/A	N/A	ADB-3469614	1480432719313
a3337645	308122	EP010783390210	EP010783390210	HGTV	HGTV	ADB-1788188	1480432719313
a3337645	301784	EP021838640009	EP021838640009	Fox	Fox	ADB-1788188	1480434868498
a3337645	301778	EP015223350705	EP015223350705	NBC	NBC	ADB-1788188	1480434868498
a3337645	301784	EP021838640009	EP021838640009	Fox	Fox	ADB-1788188	1480432795044
a3337645	301784	EP015223350697	EP015223350697	NBC	NBC	ADB-1788188	1480432795044
a3337645	301778	EP015223350699	EP015223350699	NBC	NBC	ADB-1788188	1480434087772
a3337645	301785	EP021837240006	EP021837240006	NBC	NBC	ADB-1788188	1480434087772
a3337645	301778	EP015223350697	EP015223350697	NBC	NBC	ADB-1788188	1480244805720
a3337645	301778	EP007473660528	EP007473660528	ABC	ABC	ADB-1788188	1480244805720
a3337645	308117	EP021838640013	EP021838640013	Fox	Fox	ADB-1788188	1480554577403
a3337645	308122	EP021838640009	EP021838640009	Fox	Fox	ADB-1788188	1480554577403
a3337645	301772	EP019223100046	EP019223100046	CBS	CBS	ADB-1788188	1480355178971
a3337645	308122	EP007322830303	EP007322830303	ABC	ABC	ADB-1788188	1480355178971
a3337645	301784	EP021838640009	EP021838640009	Fox	Fox	ADB-1788188	1481585259092
a3337645	301784	EP015223350705	EP015223350705	NBC	NBC	ADB-1788188	1481585259092
a3337645	301784	EP015223350699	EP015223350699	NBC	NBC	ADB-1788188	1480446851102
e4c724f7	308122	EP009311820216	EP009311820216	CBS	CBS	ADB-3469623,ADB-1788177,ADB-3469626,ADB-3469612,ADB-1788972,ADB-3469625,ADB-1788188,ADB-3469624,ADB-3469628,ADB-3469634,ADB-3469614	1480446851102
e4c724f7	301783	EP015418440677	EP000195390439	Fox	Fox Sports	ADB-3469623,ADB-1788177,ADB-3469626,ADB-3469612,ADB-1788972,ADB-3469625,ADB-1788188,ADB-3469624,ADB-3469628,ADB-3469634,ADB-3469614	1481381019209
93473756	308117	EP009311820203	EP009311820203	CBS	CBS	ADB-1788951,ADB-1788949	1481381019209
93473756	308122	EP009311820140	EP009311820140	TBS	TBS	ADB-1788951,ADB-1788949	1481050972844
94f764c5	301772	EP000191483228	EP000191483228	Turner Network TV	Turner Network TV	ADB-1788951,ADB-1788188	1481050972844
46359476	301778	unknown	unknown	N/A	N/A	ADB-3469628	1479749650554
46359476	308122	EP019213280030	EP019213280030	N/A	N/A	ADB-3469628	1479749650554
46359476	301784	unknown	unknown	N/A	N/A	ADB-3469628	1478407083491
46359476	301778	EP019213280031	EP019213280031	N/A	N/A	ADB-3469628	1478407083491
a6b45503	301772	unknown	EP000191483228	N/A	Turner Network TV	ADB-1788177	1480958511567
a6b45503	301772	EP000191483228	EP000195595547	Turner Network TV	NBCSN	ADB-1788177	1480958511567
a6b45503	301783	SH000199170000	unknown	ESPN	N/A	ADB-1788177	1480446677138
a6b45503	301783	EP000195595527	EP000195595548	USA Network	NBCSN	ADB-1788177	1480446677138
a6b45503	308122	EP006819110124	EP006819110124	USA Network	USA Network	ADB-1788177	1479674012501
34d32427	308117	EP017899670105	EP017899670105	Food Network	Food Network	ADB-1788188	1479674012501
34d32427	308122	EP017899670105	EP017899670105	Food Network	Food Network	ADB-1788188	1480004820883
66a61586	301783	unknown	unknown	N/A	N/A	ADB-1788188,ADB-1788966,ADB-1788951	1480004820883
66a61586	301783	MV001762310000	MV001762310000	CMT	CMT	ADB-1788188,ADB-1788966,ADB-1788951	1479669204368
66a61586	301783	unknown	unknown	N/A	N/A	ADB-1788188,ADB-1788966,ADB-1788951	1479669204368
66a61586	308122	EP009311820217	EP009311820217	CBS	CBS	ADB-1788188,ADB-1788966,ADB-1788951	1479791043501
66a61586	301783	MV000369880000	MV000369880000	CMT	CMT	ADB-1788188,ADB-1788966,ADB-1788951	1479791043501
66a61586	301778	EP010783390211	EP010783390211	HGTV	HGTV	ADB-1788188,ADB-1788966,ADB-1788951	1480446747017
66a61586	301783	unknown	unknown	N/A	N/A	ADB-1788188,ADB-1788966,ADB-1788951	1480446747017
66a61586	308122	EP009311820033	EP009311820033	TBS	TBS	ADB-1788188,ADB-1788966,ADB-1788951	1479936186509
66a61586	308122	EP017211070520	EP017211070520	NBC	NBC	ADB-1788188,ADB-1788966,ADB-1788951	1479936186509
66a61586	301783	unknown	unknown	N/A	N/A	ADB-1788188,ADB-1788966,ADB-1788951	1480199622109
66a61586	301783	EP020674310014	EP020674310014	NBC	NBC	ADB-1788188,ADB-1788966,ADB-1788951	1480199622109
66a61586	301778	EP009311820035	EP009311820035	TBS	TBS	ADB-1788188,ADB-1788966,ADB-1788951	1479569409870
66a61586	301783	EP013657560267	EP013657560267	NBC	NBC	ADB-1788188,ADB-1788966,ADB-1788951	1479569409870
66a61586	301778	EP009311820100	EP009311820100	TBS	TBS	ADB-1788188,ADB-1788966,ADB-1788951	1481667833379
66a61586	301783	EP014195810042	EP014195810042	CMT	CMT	ADB-1788188,ADB-1788966,ADB-1788951	1481667833379
66a61586	301783	EP014195810048	EP014195810048	CMT	CMT	ADB-1788188,ADB-1788966,ADB-1788951	1479082406697
b65312f5	301784	unknown	unknown	N/A	N/A	ADB-1788188	1479082406697
b65312f5	301778	unknown	unknown	N/A	N/A	ADB-1788188	1480346767265
5514e5a5	301783	unknown	unknown	N/A	N/A	ADB-1788188	1480346767265
5514e5a5	301778	unknown	EP000037101002	N/A	NBC	ADB-1788188	1479674409840
5514e5a5	301783	unknown	EP000037101002	N/A	NBC	ADB-1788188	1479674409840
5514e5a5	308122	EP017219650043	EP017219650043	Discovery Channel	Discovery Channel	ADB-1788188	1480976291051
5514e5a5	308122	EP015040440075	EP015040440075	Discovery Channel	Discovery Channel	ADB-1788188	1480976291051
5514e5a5	308122	EP015040440075	EP015040440075	Discovery Channel	Discovery Channel	ADB-1788188	1479508736671
33645466	301784	EP015223350705	EP015223350705	NBC	NBC	ADB-1788177	1479508736671
33645466	301784	EP013657560264	EP013657560264	NBC	NBC	ADB-1788177	1480468954171
33645466	301778	EP015223350705	EP015223350705	NBC	NBC	ADB-1788177	1480468954171
33645466	308117	EP013657560268	EP013657560268	NBC	NBC	ADB-1788177	1481587852709
33645466	301778	EP010364780118	EP013657560270	Fox News	NBC	ADB-1788177	1481587852709
33645466	308117	EP017386900065	EP017386900065	NBC	NBC	ADB-1788177	1480454876642
6554f614	301784	EP019152141849	EP019152141849	NBC	NBC	ADB-1788188,ADB-1788966	1480454876642
6554f614	308122	EP013657560269	EP013657560269	NBC	NBC	ADB-1788188,ADB-1788966	1478463819469
6554f614	308122	EP019152141911	unknown	NBC	N/A	ADB-1788188,ADB-1788966	1478463819469
6554f614	308117	EP000018937461	EP000018937461	ABC	ABC	ADB-1788188,ADB-1788966	1478465677876
6554f614	308122	unknown	EP019062760129	N/A	CBS	ADB-1788188,ADB-1788966	1478465677876
6554f614	308122	EP017211070524	EP017211070524	NBC	NBC	ADB-1788188,ADB-1788966	1479307293841
74670394	301785	EP019152141904	EP019152141904	NBC	NBC	ADB-1788951	1479307293841
74670394	301778	EP019152141902	EP019152141902	NBC	NBC	ADB-1788951	1481087629106
f3254783	301778	EP013657560270	EP013657560270	NBC	NBC	ADB-1788177	1481087629106
f3254783	308122	EP017386900066	EP017386900066	NBC	NBC	ADB-1788177	1481284124281
f3254783	301778	EP017386900066	EP017386900066	NBC	NBC	ADB-1788177	1481284124281
f3254783	308117	EP013657560268	EP013657560268	NBC	NBC	ADB-1788177	1480347660579
b6574466	301778	unknown	unknown	N/A	N/A	ADB-1788188	1480347660579
b6574466	301778	EP003267331571	EP003267331571	HGTV	HGTV	ADB-1788188	1481387167175
b6574466	301784	unknown	MV003324470000	N/A	Lifetime Movie Network	ADB-1788188	1481387167175
b6574466	308122	EP018338620039	EP018338620039	E!	E!	ADB-1788188	1481665798331
b6574466	301778	unknown	MV003324470000	N/A	Lifetime Movie Network	ADB-1788188	1481665798331
b6574466	301784	EP004971131988	EP004971131988	E!	E!	ADB-1788188	1481042278605
b6574466	308122	EP020820940008	EP020820940008	HGTV	HGTV	ADB-1788188	1481042278605
04a71777	301784	EP011594940238	EP011594940238	History	History	ADB-1788188	1480361030938
04a71777	301785	EP011594940275	EP011594940275	History	History	ADB-1788188	1480361030938
4547a663	301778	MV002725490000	MV002725490000	FX	FX	ADB-3469610	1478804722086
4547a663	308122	MV002725490000	MV002725490000	FX	FX	ADB-3469610	1478804722086
37457304	301783	unknown	unknown	N/A	N/A	ADB-1788188	1479069686318
37457304	308117	EP012124070081	EP012124070081	History	History	ADB-1788188	1479069686318
37457304	301778	EP015223350696	EP015223350696	NBC	NBC	ADB-1788188	1478817502878
37457304	308122	EP015899250023	EP015899250023	History	History	ADB-1788188	1478817502878
37457304	308122	unknown	unknown	N/A	N/A	ADB-1788188	1481123208222
37457304	308122	unknown	unknown	N/A	N/A	ADB-1788188	1481123208222
37457304	301784	EP015223350696	EP015223350696	NBC	NBC	ADB-1788188	1480459752226
37457304	301784	EP012124070013	EP012124070013	History	History	ADB-1788188	1480459752226
37457304	301783	EP019223320046	EP019223320046	CBS	CBS	ADB-1788188	1480522080857
27559726	301778	EP021861420012	EP021861420012	The CW	The CW	ADB-1788188,ADB-1788963	1480522080857
27559726	308117	EP014194780116	EP014194780116	N/A	N/A	ADB-1788188,ADB-1788963	1478272374926
27559726	308122	EP000018937478	EP000018937478	N/A	N/A	ADB-1788188,ADB-1788963	1478272374926
23931636	301784	EP011581240192	EP019218450045	ABC	ABC	ADB-1788188,ADB-1788966	1480482757847
23931636	301772	EP000191483228	EP000191483228	Turner Network TV	Turner Network TV	ADB-1788188,ADB-1788966	1480482757847
23931636	301772	EP000191483228	EP000191483228	Turner Network TV	Turner Network TV	ADB-1788188,ADB-1788966	1480483854428
e386e6e5	308122	EP023803580003	EP023803580003	Velocity	Velocity	ADB-3469623,ADB-3469626,ADB-3469612,ADB-3469625,ADB-3469624,ADB-3469634,ADB-3469614	1480483854428
e386e6e5	308117	EP023803580002	EP023803580002	Velocity	Velocity	ADB-3469623,ADB-3469626,ADB-3469612,ADB-3469625,ADB-3469624,ADB-3469634,ADB-3469614	1480483931988
b4763772	308122	EP007322830303	EP007322830303	ABC	ABC	ADB-3469628	1480483931988
b4763772	308122	EP007322830303	EP007322830303	ABC	ABC	ADB-3469628	1480483399933
85573424	301785	EP019152141904	EP019152141904	NBC	NBC	ADB-3469623	1480483399933
85573424	308122	EP019152141911	unknown	NBC	N/A	ADB-3469623	1480473865531
85573424	301778	MV003408350000	MV003408350000	FX	FX	ADB-3469623	1480473865531
85573424	308122	EP009311820216	EP009311820216	CBS	CBS	ADB-3469623	1480471212697
85573424	301778	EP019152141851	unknown	NBC	N/A	ADB-3469623	1480471212697
85573424	308122	MV003576810000	MV003576810000	N/A	N/A	ADB-3469623	1479535791736
85573424	308122	EP019152141908	EP019152141908	NBC	NBC	ADB-3469623	1479535791736
85573424	301778	EP019152141896	EP019152141896	NBC	NBC	ADB-3469623	1481645377199
85573424	301778	EP019152141898	unknown	NBC	N/A	ADB-3469623	1481645377199
85573424	308122	EP010783390210	EP010783390210	HGTV	HGTV	ADB-3469623	1478897948144
94870334	301778	EP016164380038	EP016164380038	A&E	A&E	ADB-3469623,ADB-3469626,ADB-3469612,ADB-3469625,ADB-3469624,ADB-3469634,ADB-3469614	1478897948144
94870334	301784	EP000018937475	EP000018937475	ABC	ABC	ADB-3469623,ADB-3469626,ADB-3469612,ADB-3469625,ADB-3469624,ADB-3469634,ADB-3469614	1481400173589
94870334	308122	EP016164380039	EP016164380039	A&E	A&E	ADB-3469623,ADB-3469626,ADB-3469612,ADB-3469625,ADB-3469624,ADB-3469634,ADB-3469614	1481400173589
94870334	301783	unknown	unknown	N/A	N/A	ADB-3469623,ADB-3469626,ADB-3469612,ADB-3469625,ADB-3469624,ADB-3469634,ADB-3469614	1481400616649
958486a5	308117	EP014194780116	EP014194780116	ABC	ABC	ADB-3469628,ADB-1788951,ADB-1788188	1481400616649
958486a5	301772	EP005544654874	EP005544654874	Fox	Fox	ADB-3469628,ADB-1788951,ADB-1788188	1480447301332
958486a5	301778	unknown	unknown	N/A	N/A	ADB-3469628,ADB-1788951,ADB-1788188	1480447301332
87855674	308117	EP007399290331	EP007399290331	Fox	Fox	ADB-3469634,ADB-3469619	1480446350251
87855674	301783	unknown	EP023073620287	N/A	MSNBC	ADB-3469634,ADB-3469619	1480446350251
87855674	301784	EP013657560264	EP013657560264	NBC	NBC	ADB-3469634,ADB-3469619	1481251004219
87855674	308122	EP003670780115	EP003670780115	CBS	CBS	ADB-3469634,ADB-3469619	1481251004219
87855674	308117	unknown	unknown	N/A	N/A	ADB-3469634,ADB-3469619	1480873603163
87855674	308117	EP000018937479	SH024105120000	ABC	The CW	ADB-3469634,ADB-3469619	1480873603163
87855674	308117	EP007322830301	EP007322830301	ABC	ABC	ADB-3469634,ADB-3469619	1480452471801
87855674	308122	unknown	unknown	N/A	N/A	ADB-3469634,ADB-3469619	1480452471801
17374425	308122	EP019152141897	unknown	NBC	N/A	ADB-1788177	1478481840387
17374425	308122	EP019152141894	EP019152141894	NBC	NBC	ADB-1788177	1478481840387
17374425	301784	EP019152141850	EP019152141850	NBC	NBC	ADB-1788177	1480566501450
17374425	308122	EP019152141903	EP019152141903	NBC	NBC	ADB-1788177	1480566501450
17374425	308122	EP017386900066	EP017386900066	NBC	NBC	ADB-1788177	1480716332349
656486e7	301784	EP011581240192	EP011581240192	ABC	ABC	ADB-1788951,ADB-1788972	1480716332349
656486e7	308117	EP007322830301	EP007322830301	ABC	ABC	ADB-1788951,ADB-1788972	1480344980136
656486e7	308117	EP007473660523	EP007473660523	ABC	ABC	ADB-1788951,ADB-1788972	1480344980136
656486e7	301778	EP015683360083	EP015683360083	ABC	ABC	ADB-1788951,ADB-1788972	1481265192661
656486e7	308122	EP000018937474	EP000018937474	ABC	ABC	ADB-1788951,ADB-1788972	1481265192661
656486e7	308117	EP017396170067	EP017396170067	ABC	ABC	ADB-1788951,ADB-1788972	1478522935880
656486e7	308122	EP007473660528	EP007473660528	ABC	ABC	ADB-1788951,ADB-1788972	1478522935880
55449334	308122	SH008776990000	unknown	ABC	N/A	ADB-1788177	1480994275297
55449334	301783	EP000018937462	unknown	ABC	N/A	ADB-1788177	1480994275297
55449334	308117	EP007473660523	EP007473660523	ABC	ABC	ADB-1788177	1480456787715
1674a427	301784	EP019152141850	EP019152141850	NBC	NBC	ADB-3469623,ADB-3469612,ADB-3469624,ADB-3469634,ADB-3469614	1480456787715
1674a427	308122	MV002527570000	MV002527570000	TBS	TBS	ADB-3469623,ADB-3469612,ADB-3469624,ADB-3469634,ADB-3469614	1481493927102
1674a427	308122	EP000037101008	EP000037101008	NBC	NBC	ADB-3469623,ADB-3469612,ADB-3469624,ADB-3469634,ADB-3469614	1481493927102
1674a427	308122	MV000343450000	MV000343450000	TBS	TBS	ADB-3469623,ADB-3469612,ADB-3469624,ADB-3469634,ADB-3469614	1481657814893
1674a427	301784	EP013657560264	EP013657560264	NBC	NBC	ADB-3469623,ADB-3469612,ADB-3469624,ADB-3469634,ADB-3469614	1481657814893
1674a427	301778	EP015223350703	EP015223350703	NBC	NBC	ADB-3469623,ADB-3469612,ADB-3469624,ADB-3469634,ADB-3469614	1480219835073
1674a427	301772	EP000191483256	EP000191483256	Turner Network TV	Turner Network TV	ADB-3469623,ADB-3469612,ADB-3469624,ADB-3469634,ADB-3469614	1480219835073
1674a427	308122	EP019152141897	EP019152141897	NBC	NBC	ADB-3469623,ADB-3469612,ADB-3469624,ADB-3469634,ADB-3469614	1480476207668
1674a427	308122	EP019152141894	unknown	NBC	N/A	ADB-3469623,ADB-3469612,ADB-3469624,ADB-3469634,ADB-3469614	1480476207668
1674a427	308122	EP019152141911	unknown	NBC	N/A	ADB-3469623,ADB-3469612,ADB-3469624,ADB-3469634,ADB-3469614	1480478003911
1674a427	308122	MV003904130000	EP013600540121	Spike TV	HGTV	ADB-3469623,ADB-3469612,ADB-3469624,ADB-3469634,ADB-3469614	1480478003911
1674a427	301778	EP019152141911	EP019152141911	NBC	NBC	ADB-3469623,ADB-3469612,ADB-3469624,ADB-3469634,ADB-3469614	1480476212408
1674a427	301785	EP019152141904	EP019152141904	NBC	NBC	ADB-3469623,ADB-3469612,ADB-3469624,ADB-3469634,ADB-3469614	1480476212408
1674a427	301778	EP019229050043	EP019229050043	The CW	The CW	ADB-3469623,ADB-3469612,ADB-3469624,ADB-3469634,ADB-3469614	1481396104210
1674a427	308122	EP010783390210	EP010783390210	HGTV	HGTV	ADB-3469623,ADB-3469612,ADB-3469624,ADB-3469634,ADB-3469614	1481396104210
32f4c537	301778	EP000191483269	EP000191483269	ABC	ABC	ADB-1788188,ADB-1788961,ADB-3469619,ADB-3469634	1480799189596
32f4c537	301778	EP014192030060	EP014192030060	Fox	Fox	ADB-1788188,ADB-1788961,ADB-3469619,ADB-3469634	1480799189596
32f4c537	301778	EP000191483269	EP000191483269	ABC	ABC	ADB-1788188,ADB-1788961,ADB-3469619,ADB-3469634	1479863996055
32f4c537	301778	EP000191483269	MV000252700000	ABC	Comedy Central	ADB-1788188,ADB-1788961,ADB-3469619,ADB-3469634	1479863996055
32f4c537	301784	EP000191483269	EP000191483269	ABC	ABC	ADB-1788188,ADB-1788961,ADB-3469619,ADB-3469634	1480525636882
32f4c537	301784	EP000191483269	EP000191483269	ABC	ABC	ADB-1788188,ADB-1788961,ADB-3469619,ADB-3469634	1480525636882
32f4c537	301783	EP021836650025	EP021836650025	Fox	Fox	ADB-1788188,ADB-1788961,ADB-3469619,ADB-3469634	1480368089193
13865527	301772	unknown	unknown	N/A	N/A	ADB-3469634,ADB-3469623,ADB-1788188,ADB-1788946	1480368089193
76e52357	308122	EP019213280030	EP019213280030	Fox	Fox	ADB-1788188	1479593535838
76e52357	308122	EP019213280030	EP019213280030	Fox	Fox	ADB-1788188	1479593535838
76e52357	301778	unknown	unknown	N/A	N/A	ADB-1788188	1480487091410
76e52357	301772	EP011594940449	EP011594940449	History	History	ADB-1788188	1480487091410
76e52357	301772	EP011594940449	EP011594940449	History	History	ADB-1788188	1481561423366
76e52357	301778	unknown	unknown	N/A	N/A	ADB-1788188	1481561423366
76e52357	301772	unknown	unknown	N/A	N/A	ADB-1788188	1481438872802
76e52357	301778	unknown	unknown	N/A	N/A	ADB-1788188	1481438872802
a726e6d6	308117	unknown	unknown	N/A	N/A	ADB-3469623,ADB-3469626,ADB-3469625,ADB-3469624,ADB-3469634	1481145901344
a726e6d6	301784	EP019229360048	EP019229360048	The CW	The CW	ADB-3469623,ADB-3469626,ADB-3469625,ADB-3469624,ADB-3469634	1481145901344
a726e6d6	308122	EP019229730032	EP019229730032	The CW	The CW	ADB-3469623,ADB-3469626,ADB-3469625,ADB-3469624,ADB-3469634	1480373471260
a726e6d6	301783	unknown	unknown	N/A	N/A	ADB-3469623,ADB-3469626,ADB-3469625,ADB-3469624,ADB-3469634	1480373471260
a726e6d6	301784	EP013657560264	EP013657560264	NBC	NBC	ADB-3469623,ADB-3469626,ADB-3469625,ADB-3469624,ADB-3469634	1480482854505
a726e6d6	308122	EP014194780118	EP014194780118	ABC	ABC	ADB-3469623,ADB-3469626,ADB-3469625,ADB-3469624,ADB-3469634	1480482854505
a726e6d6	301784	EP000191483269	unknown	ABC	N/A	ADB-3469623,ADB-3469626,ADB-3469625,ADB-3469624,ADB-3469634	1480485443373
a726e6d6	301784	EP019229360048	EP019229360048	The CW	The CW	ADB-3469623,ADB-3469626,ADB-3469625,ADB-3469624,ADB-3469634	1480485443373
a726e6d6	308122	unknown	EP015683360085	N/A	ABC	ADB-3469623,ADB-3469626,ADB-3469625,ADB-3469624,ADB-3469634	1480357898969
a726e6d6	308122	EP021686530017	EP021686530017	N/A	N/A	ADB-3469623,ADB-3469626,ADB-3469625,ADB-3469624,ADB-3469634	1480357898969
a726e6d6	308122	EP011117850362	EP011117850362	Food Network	Food Network	ADB-3469623,ADB-3469626,ADB-3469625,ADB-3469624,ADB-3469634	1480450755951
a726e6d6	301784	EP021838110021	EP021838110021	Fox	Fox	ADB-3469623,ADB-3469626,ADB-3469625,ADB-3469624,ADB-3469634	1480450755951
a726e6d6	308122	unknown	SH004483290000	N/A	CBS	ADB-3469623,ADB-3469626,ADB-3469625,ADB-3469624,ADB-3469634	1481403874701
a726e6d6	301778	EP021838110021	EP021838110021	Fox	Fox	ADB-3469623,ADB-3469626,ADB-3469625,ADB-3469624,ADB-3469634	1481403874701
a726e6d6	308122	unknown	unknown	N/A	N/A	ADB-3469623,ADB-3469626,ADB-3469625,ADB-3469624,ADB-3469634	1481406721895
a726e6d6	308117	EP014194780116	EP014194780116	ABC	ABC	ADB-3469623,ADB-3469626,ADB-3469625,ADB-3469624,ADB-3469634	1481406721895
a726e6d6	308117	MV001969190000	unknown	Universal	N/A	ADB-3469623,ADB-3469626,ADB-3469625,ADB-3469624,ADB-3469634	1480505575691
a726e6d6	308117	EP023803580002	EP023803580002	Velocity	Velocity	ADB-3469623,ADB-3469626,ADB-3469625,ADB-3469624,ADB-3469634	1480505575691
55458414	301785	MV004522740000	MV004522740000	FX	FX	ADB-1788188,ADB-3469610	1478995503584
b2b58775	308122	EP000000351290	EP000000351290	CBS	CBS	ADB-3469623,ADB-3469626,ADB-3469612,ADB-3469582,ADB-3469624,ADB-3469634,ADB-3469614	1478995503584
d6677667	301784	unknown	unknown	N/A	N/A	ADB-3469623,ADB-3469610,ADB-3469626,ADB-3469612,ADB-3469625,ADB-3469624,ADB-3469634,ADB-3469614	1479700327191
d6677667	301784	unknown	unknown	N/A	N/A	ADB-3469623,ADB-3469610,ADB-3469626,ADB-3469612,ADB-3469625,ADB-3469624,ADB-3469634,ADB-3469614	1479700327191
d6677667	301784	unknown	unknown	N/A	N/A	ADB-3469623,ADB-3469610,ADB-3469626,ADB-3469612,ADB-3469625,ADB-3469624,ADB-3469634,ADB-3469614	1480466002355
349464d6	301785	EP005520800597	EP005520800597	Fox	Fox	ADB-1788961,ADB-1788177	1480466002355
349464d6	308122	EP003169780261	unknown	ION	N/A	ADB-1788961,ADB-1788177	1480467092760
349464d6	301778	EP005520800597	EP014865730070	Fox	Lifetime	ADB-1788961,ADB-1788177	1480467092760
17564593	301784	MV002092330000	MV002092330000	E!	E!	ADB-3469623,ADB-1788949,ADB-3469626,ADB-3469612,ADB-3469625,ADB-3469624,ADB-3469634,ADB-3469614	1481668782849
74b4e504	308122	EP017031950059	EP017031950059	HGTV	HGTV	ADB-1788963	1481668782849
1335a323	301778	EP005520800596	EP005520800596	Fox	Fox	ADB-3469628	1479410246884
1335a323	308122	unknown	EP024095770010	N/A	Discovery Channel	ADB-3469628	1479410246884
1335a323	301778	EP013657560270	EP016164380039	NBC	A&E	ADB-3469628	1481423886808
1335a323	308122	MV002799110000	MV002799110000	Turner Network TV	Turner Network TV	ADB-3469628	1481423886808
1335a323	308117	EP018567190042	EP018567190042	N/A	N/A	ADB-3469628	1478528672533
1335a323	301783	EP005520800597	EP005520800597	Fox	Fox	ADB-3469628	1478528672533
1335a323	301778	EP005520800597	EP005520800597	Fox	Fox	ADB-3469628	1481317257133
1335a323	301778	EP015683360083	unknown	ABC	N/A	ADB-3469628	1481317257133
1335a323	301778	EP016164380039	EP016164380039	A&E	A&E	ADB-3469628	1479538411770
1335a323	308117	EP013657560268	EP013657560268	NBC	NBC	ADB-3469628	1479538411770
1335a323	301783	EP013657560270	EP013657560270	NBC	NBC	ADB-3469628	1478469832132
1335a323	301783	unknown	unknown	N/A	N/A	ADB-3469628	1478469832132
1335a323	301778	EP010783390210	EP016164380038	HGTV	A&E	ADB-3469628	1478281392512
1335a323	301778	unknown	EP005366290058	N/A	Food Network	ADB-3469628	1478281392512
1335a323	308122	MV004596780000	MV004596780000	Turner Network TV	Turner Network TV	ADB-3469628	1480792365256
1335a323	308117	EP015679150090	EP015679150090	NBC	NBC	ADB-3469628	1480792365256
1335a323	301783	MV002799110000	MV002799110000	Turner Network TV	Turner Network TV	ADB-3469628	1480429655671
1335a323	301783	EP021835930015	EP021835930015	NBC	NBC	ADB-3469628	1480429655671
1335a323	301783	unknown	unknown	N/A	N/A	ADB-3469628	1480676921613
1335a323	301783	unknown	unknown	N/A	N/A	ADB-3469628	1480676921613
1335a323	301784	EP005520800597	EP005520800597	Fox	Fox	ADB-3469628	1481225489155
1335a323	301784	EP015223350696	EP015223350696	NBC	NBC	ADB-3469628	1481225489155
1335a323	308117	EP011581190168	unknown	ABC	N/A	ADB-3469628	1481515518030
1335a323	301783	EP018855880023	EP018855880023	Discovery Channel	Discovery Channel	ADB-3469628	1481515518030
1335a323	301778	unknown	unknown	N/A	N/A	ADB-3469628	1480463730826
1335a323	301785	EP005520800597	EP005520800597	Fox	Fox	ADB-3469628	1480463730826
1335a323	301778	EP015223350696	EP015223350696	NBC	NBC	ADB-3469628	1480461961272
8346f354	301783	EP021834570010	EP021834570010	NBC	NBC	ADB-1788177	1480461961272
8346f354	301783	unknown	EP006724493347	N/A	CBS	ADB-1788177	1480466449002
8346f354	301783	EP000047622929	unknown	ABC	N/A	ADB-1788177	1480466449002
8346f354	308122	EP009311820216	EP009311820216	CBS	CBS	ADB-1788177	1480810327299
8346f354	308122	MV003576810000	MV003576810000	N/A	N/A	ADB-1788177	1480810327299
8346f354	308122	EP009311820217	EP009311820217	CBS	CBS	ADB-1788177	1480640586586
8346f354	301783	unknown	unknown	N/A	N/A	ADB-1788177	1480640586586
8346f354	301783	unknown	unknown	N/A	N/A	ADB-1788177	1478989022433
46164592	308122	MV000343450000	MV000343450000	TBS	TBS	ADB-1788188	1478989022433
46164592	301784	EP005520800597	EP005520800597	Fox	Fox	ADB-1788188	1478804437468
46164592	308122	unknown	MV000777680000	N/A	E!	ADB-1788188	1478804437468
46164592	301784	EP005520800597	EP005520800597	Fox	Fox	ADB-1788188	1478223421622
46164592	301778	EP005520800597	EP005520800597	Fox	Fox	ADB-1788188	1478223421622
46164592	301783	unknown	EP005927330072	N/A	The CW	ADB-1788188	1480686925680
46164592	301785	EP005520800597	EP005520800597	Fox	Fox	ADB-1788188	1480686925680
46164592	308122	EP012124070044	EP012124070044	History	History	ADB-1788188	1479298739748
d714a4b6	301784	unknown	EP001887075578	N/A	NBC	ADB-3469614,ADB-3469626	1479298739748
d714a4b6	301784	unknown	unknown	N/A	N/A	ADB-3469614,ADB-3469626	1479299580815
1364b304	308122	unknown	EP000186930497	N/A	Fox	ADB-1788188	1479299580815
1364b304	301778	EP009311820100	unknown	TBS	N/A	ADB-1788188	1481092652902
1364b304	301778	unknown	unknown	N/A	N/A	ADB-1788188	1481092652902
1364b304	308122	unknown	unknown	N/A	N/A	ADB-1788188	1480644943988
1364b304	301778	EP019213280032	EP019213280032	Fox	Fox	ADB-1788188	1480644943988
1364b304	301778	unknown	unknown	N/A	N/A	ADB-1788188	1480469613094
1364b304	301778	EP021861420012	EP021861420012	N/A	N/A	ADB-1788188	1480469613094
1364b304	308122	SH023719960000	unknown	MTV - Music Television	N/A	ADB-1788188	1481477444738
1364b304	301778	EP017403980045	EP017403980045	N/A	N/A	ADB-1788188	1481477444738
a5671364	301778	EP013657560270	EP013657560270	NBC	NBC	ADB-3469614,ADB-3469628,ADB-3469611	1480373158830
a5671364	301784	EP005520800597	EP005520800597	Fox	Fox	ADB-3469614,ADB-3469628,ADB-3469611	1480373158830
a5671364	301772	EP005544654874	EP005544654874	Fox	Fox	ADB-3469614,ADB-3469628,ADB-3469611	1479663527768
a5671364	301784	EP005520800597	EP005520800597	Fox	Fox	ADB-3469614,ADB-3469628,ADB-3469611	1479663527768
a5671364	301778	EP005520800597	EP005520800597	Fox	Fox	ADB-3469614,ADB-3469628,ADB-3469611	1478494915956
a5671364	301783	SH015352890000	SH015352890000	Fox	Fox	ADB-3469614,ADB-3469628,ADB-3469611	1478494915956
a5671364	301785	EP005520800597	EP005520800597	Fox	Fox	ADB-3469614,ADB-3469628,ADB-3469611	1481222856399
a5671364	301784	EP005520800595	EP005520800595	Fox	Fox	ADB-3469614,ADB-3469628,ADB-3469611	1481222856399
a5671364	301772	EP005544654874	EP005544654874	Fox	Fox	ADB-3469614,ADB-3469628,ADB-3469611	1479575322269
a5671364	301772	EP005544654874	EP005544654874	Fox	Fox	ADB-3469614,ADB-3469628,ADB-3469611	1479575322269
a5671364	301772	EP005544654874	EP005544654874	Fox	Fox	ADB-3469614,ADB-3469628,ADB-3469611	1480977692683
a7251526	301772	EP000191483242	EP000191483242	Turner Network TV	Turner Network TV	ADB-1788177	1480977692683
a7251526	301772	EP000191483229	EP000191483229	Turner Network TV	Turner Network TV	ADB-1788177	1480990536711
a7251526	301783	SH008771340000	unknown	ABC	N/A	ADB-1788177	1480990536711
a7251526	301783	unknown	unknown	N/A	N/A	ADB-1788177	1481492235884
a7251526	301772	EP000191483242	EP000191483242	Turner Network TV	Turner Network TV	ADB-1788177	1481492235884
a7251526	301772	EP000191483229	EP000191483229	Turner Network TV	Turner Network TV	ADB-1788177	1481336649592
a7251526	308117	unknown	unknown	N/A	N/A	ADB-1788177	1481336649592
a7251526	301783	unknown	EP015697660071	N/A	VH1	ADB-1788177	1478785007676
a7251526	301772	EP000191483224	EP000191483224	Turner Network TV	Turner Network TV	ADB-1788177	1478785007676
a7251526	301772	EP000191483224	EP000191483224	Turner Network TV	Turner Network TV	ADB-1788177	1478836299762
a7251526	301778	EP019213280032	EP019213280032	Fox	Fox	ADB-1788177	1478836299762
a7251526	301783	unknown	unknown	N/A	N/A	ADB-1788177	1478453297799
a7251526	308122	EP019213280030	EP019213280030	Fox	Fox	ADB-1788177	1478453297799
a7251526	301778	unknown	unknown	N/A	N/A	ADB-1788177	1478181598215
a7251526	301783	unknown	EP023034510129	N/A	NBC	ADB-1788177	1478181598215
a7251526	301772	EP000191483256	EP000191483256	Turner Network TV	Turner Network TV	ADB-1788177	1481558774037
a7251526	301772	EP000191483229	EP000191483229	Turner Network TV	Turner Network TV	ADB-1788177	1481558774037
635794d7	301785	EP019229360047	EP019229360047	The CW	The CW	ADB-3469623,ADB-3469626,ADB-3469612,ADB-3469625,ADB-1788188,ADB-3469624,ADB-3469628,ADB-3469634,ADB-3469614	1481560721314
635794d7	301778	EP017403980045	EP017403980045	The CW	The CW	ADB-3469623,ADB-3469626,ADB-3469612,ADB-3469625,ADB-1788188,ADB-3469624,ADB-3469628,ADB-3469634,ADB-3469614	1481560721314
635794d7	301785	EP015693720093	EP015693720093	The CW	The CW	ADB-3469623,ADB-3469626,ADB-3469612,ADB-3469625,ADB-1788188,ADB-3469624,ADB-3469628,ADB-3469634,ADB-3469614	1478471599037
635794d7	301785	EP015693720093	EP015693720093	The CW	The CW	ADB-3469623,ADB-3469626,ADB-3469612,ADB-3469625,ADB-1788188,ADB-3469624,ADB-3469628,ADB-3469634,ADB-3469614	1478471599037
4734a556	301778	EP019366820004	EP019366820004	Lifetime	Lifetime	ADB-3469623,ADB-3469626,ADB-3469625,ADB-3469624,ADB-3469634	1481300023557
4734a556	301784	EP000191483269	EP000191483269	N/A	N/A	ADB-3469623,ADB-3469626,ADB-3469625,ADB-3469624,ADB-3469634	1481300023557
4734a556	301778	EP000191483269	EP000191483269	N/A	N/A	ADB-3469623,ADB-3469626,ADB-3469625,ADB-3469624,ADB-3469634	1478555657542
4734a556	308122	EP011581240139	EP011581240139	USA Network	USA Network	ADB-3469623,ADB-3469626,ADB-3469625,ADB-3469624,ADB-3469634	1478555657542
4734a556	301778	EP000191483269	EP000191483269	N/A	N/A	ADB-3469623,ADB-3469626,ADB-3469625,ADB-3469624,ADB-3469634	1478792848223
4734a556	301778	EP000191483269	EP000191483269	N/A	N/A	ADB-3469623,ADB-3469626,ADB-3469625,ADB-3469624,ADB-3469634	1478792848223
4734a556	301784	EP000191483269	EP000191483269	N/A	N/A	ADB-3469623,ADB-3469626,ADB-3469625,ADB-3469624,ADB-3469634	1481436836616
4734a556	301778	EP011581240121	EP011581240121	USA Network	USA Network	ADB-3469623,ADB-3469626,ADB-3469625,ADB-3469624,ADB-3469634	1481436836616
4734a556	301784	EP015471390082	EP015471390082	N/A	N/A	ADB-3469623,ADB-3469626,ADB-3469625,ADB-3469624,ADB-3469634	1478837554481
4734a556	301784	EP011581240144	EP011581240144	USA Network	USA Network	ADB-3469623,ADB-3469626,ADB-3469625,ADB-3469624,ADB-3469634	1478837554481
4734a556	301784	EP000191483269	EP000191483269	N/A	N/A	ADB-3469623,ADB-3469626,ADB-3469625,ADB-3469624,ADB-3469634	1480539183202
4734a556	308117	EP011581240142	EP011581240142	USA Network	USA Network	ADB-3469623,ADB-3469626,ADB-3469625,ADB-3469624,ADB-3469634	1480539183202
c6756383	301778	unknown	EP000176170308	N/A	Turner Network TV	ADB-3469623,ADB-1788974,ADB-1788949,ADB-3469626,ADB-1788966,ADB-1788945,ADB-3469612,ADB-3469625,ADB-1788188,ADB-1788948,ADB-3469624,ADB-3469634,ADB-3469614	1478959831024
c6756383	301772	SH023848100000	SH023848100000	Fox	Fox	ADB-3469623,ADB-1788974,ADB-1788949,ADB-3469626,ADB-1788966,ADB-1788945,ADB-3469612,ADB-3469625,ADB-1788188,ADB-1788948,ADB-3469624,ADB-3469634,ADB-3469614	1478959831024
26962455	301772	EP005544654929	EP005544654929	Fox Sports	Fox Sports	ADB-3469623,ADB-3469626,ADB-3469625,ADB-3469624,ADB-3469634	1480517930783
26962455	301778	EP017277730046	EP017277730046	HGTV	HGTV	ADB-3469623,ADB-3469626,ADB-3469625,ADB-3469624,ADB-3469634	1480517930783
26962455	301772	unknown	EP005544654929	N/A	Fox Sports	ADB-3469623,ADB-3469626,ADB-3469625,ADB-3469624,ADB-3469634	1481476507462
26962455	301772	unknown	unknown	N/A	N/A	ADB-3469623,ADB-3469626,ADB-3469625,ADB-3469624,ADB-3469634	1481476507462
662464b4	308122	EP014865730070	EP014865730071	Lifetime	Lifetime	ADB-1788177,ADB-1788188,ADB-1788961	1480486654883
662464b4	301778	EP017277730046	EP017277730046	HGTV	HGTV	ADB-1788177,ADB-1788188,ADB-1788961	1480486654883
662464b4	308117	EP000173500123	EP000173500123	E!	E!	ADB-1788177,ADB-1788188,ADB-1788961	1481571140838
662464b4	308122	EP017277730040	EP017277730040	HGTV	HGTV	ADB-1788177,ADB-1788188,ADB-1788961	1481571140838
662464b4	301778	EP019366820004	EP019366820004	Lifetime	Lifetime	ADB-1788177,ADB-1788188,ADB-1788961	1481234469259
662464b4	308122	EP019366820004	EP019366820004	Lifetime	Lifetime	ADB-1788177,ADB-1788188,ADB-1788961	1481234469259
74679555	301783	unknown	unknown	N/A	N/A	ADB-1788177	1481475033957
74679555	301783	unknown	unknown	N/A	N/A	ADB-1788177	1481475033957
27169666	301784	unknown	unknown	N/A	N/A	ADB-3469605	1481475021964
27169666	301784	unknown	unknown	N/A	N/A	ADB-3469605	1481475021964
27169666	301784	unknown	unknown	N/A	N/A	ADB-3469605	1481474102783
27169666	301784	unknown	unknown	N/A	N/A	ADB-3469605	1481474102783
27169666	301784	unknown	unknown	N/A	N/A	ADB-3469605	1481384991851
44559622	301778	EP019062760128	EP019062760128	CBS	CBS	ADB-1788960,ADB-1788949,ADB-1788972,ADB-1788188,ADB-1788948,ADB-1788977	1481384991851
44559622	301784	EP019062760128	EP019062760128	CBS	CBS	ADB-1788960,ADB-1788949,ADB-1788972,ADB-1788188,ADB-1788948,ADB-1788977	1479863865816
34a33386	308122	EP019152141897	EP019152141897	NBC	NBC	ADB-1788188,ADB-1788963	1479863865816
34a33386	308122	EP017386900066	EP017386900066	NBC	NBC	ADB-1788188,ADB-1788963	1479393106326
34a33386	301778	EP017211070561	EP017211070561	NBC	NBC	ADB-1788188,ADB-1788963	1479393106326
34a33386	308122	EP013657560269	EP013657560269	NBC	NBC	ADB-1788188,ADB-1788963	1480377380321
34a33386	301784	EP019152141850	EP019152141850	NBC	NBC	ADB-1788188,ADB-1788963	1480377380321
34a33386	308122	EP019152141903	EP019152141903	NBC	NBC	ADB-1788188,ADB-1788963	1480488468567
34a33386	301778	EP013657560270	EP013657560270	NBC	NBC	ADB-1788188,ADB-1788963	1480488468567
34a33386	308122	EP019152141894	unknown	NBC	N/A	ADB-1788188,ADB-1788963	1478181267036
34a33386	308117	EP019152141895	EP019152141895	NBC	NBC	ADB-1788188,ADB-1788963	1478181267036
34a33386	301778	EP019152141896	EP019152141896	NBC	NBC	ADB-1788188,ADB-1788963	1481665141365
34a33386	308117	EP017386900065	EP017386900065	NBC	NBC	ADB-1788188,ADB-1788963	1481665141365
34a33386	301785	EP017211070564	EP017211070564	NBC	NBC	ADB-1788188,ADB-1788963	1480963398975
34a33386	301778	EP019152141851	EP019152141851	NBC	NBC	ADB-1788188,ADB-1788963	1480963398975
34a33386	308122	EP017211070524	EP017211070524	NBC	NBC	ADB-1788188,ADB-1788963	1480961463010
34a33386	301772	EP005544654869	EP005544654869	Fox	Fox	ADB-1788188,ADB-1788963	1480961463010
34a33386	301785	EP019152141904	EP019152141904	NBC	NBC	ADB-1788188,ADB-1788963	1481155003729
34a33386	308122	EP019152141908	EP019152141908	NBC	NBC	ADB-1788188,ADB-1788963	1481155003729
34a33386	308117	EP015679150090	EP015679150090	NBC	NBC	ADB-1788188,ADB-1788963	1480804636247
34a33386	301784	EP013657560264	EP013657560264	NBC	NBC	ADB-1788188,ADB-1788963	1480804636247
34a33386	301778	EP019152141911	EP019152141911	NBC	NBC	ADB-1788188,ADB-1788963	1481555535813
34a33386	308122	EP019152141911	unknown	NBC	N/A	ADB-1788188,ADB-1788963	1481555535813
34a33386	301784	EP019152141849	EP019152141849	NBC	NBC	ADB-1788188,ADB-1788963	1478293783076
34a33386	301785	EP021837240006	EP021837240006	NBC	NBC	ADB-1788188,ADB-1788963	1478293783076
34a33386	301778	EP017386900066	EP017386900066	NBC	NBC	ADB-1788188,ADB-1788963	1479412040006
34a33386	301778	EP019152141898	EP019152141898	NBC	NBC	ADB-1788188,ADB-1788963	1479412040006
759657a5	308122	unknown	unknown	N/A	N/A	ADB-3469623,ADB-3469626,ADB-3469612,ADB-3469625,ADB-1788951,ADB-3469624,ADB-3469614	1480447624945
52f42615	308122	EP009311820033	EP009311820033	TBS	TBS	ADB-1788188	1480447624945
52f42615	301772	EP019223100046	EP019223100046	CBS	CBS	ADB-1788188	1481049155028
5636d626	308117	EP000000351289	EP000000351289	CBS	CBS	ADB-1788961	1481049155028
5636d626	308122	EP000000351291	EP000000351291	CBS	CBS	ADB-1788961	1479743961302
46941666	308122	unknown	unknown	N/A	N/A	ADB-1788966	1479743961302
46941666	301784	EP019229360048	EP019229360048	The CW	The CW	ADB-1788966	1478417173674
46941666	308117	EP000186930628	EP000186930628	Fox	Fox	ADB-1788966	1478417173674
46941666	301785	EP019229360047	EP019229360047	The CW	The CW	ADB-1788966	1480689297038
46941666	308117	EP021854510022	EP021854510022	CBS	CBS	ADB-1788966	1480689297038
53843457	308122	EP000000351291	EP000000351291	CBS	CBS	ADB-1788188	1479741716527
76639747	301778	unknown	EP019366820004	N/A	Lifetime	ADB-3469625	1479741716527
76639747	308122	unknown	EP019366820004	N/A	Lifetime	ADB-3469625	1481386484823
76639747	308122	EP009311820216	EP009311820216	CBS	CBS	ADB-3469625	1481386484823
032616d6	308117	EP007537910271	EP007537910271	CBS	CBS	ADB-1788188,ADB-1788974	1479245325317
032616d6	308122	EP009311820217	EP009311820217	CBS	CBS	ADB-1788188,ADB-1788974	1479245325317
032616d6	308122	EP017584510156	EP017584510156	Food Network	Food Network	ADB-1788188,ADB-1788974	1478894093328
032616d6	301785	unknown	unknown	N/A	N/A	ADB-1788188,ADB-1788974	1478894093328
032616d6	301785	unknown	unknown	N/A	N/A	ADB-1788188,ADB-1788974	1480473176924
66439516	301784	EP012124070013	EP012124070013	History	History	ADB-1788963,ADB-1788188,ADB-3469619,ADB-3469624,ADB-1788935,ADB-3469634,ADB-3469614	1480473176924
66439516	301784	EP011594940238	EP011594940238	History	History	ADB-1788963,ADB-1788188,ADB-3469619,ADB-3469624,ADB-1788935,ADB-3469634,ADB-3469614	1478648864389
66439516	308122	EP015899250023	EP015899250023	History	History	ADB-1788963,ADB-1788188,ADB-3469619,ADB-3469624,ADB-1788935,ADB-3469634,ADB-3469614	1478648864389
66439516	308122	EP017386900066	EP017386900066	NBC	NBC	ADB-1788963,ADB-1788188,ADB-3469619,ADB-3469624,ADB-1788935,ADB-3469634,ADB-3469614	1479184923632
66439516	301778	EP015683360083	EP015683360083	ABC	ABC	ADB-1788963,ADB-1788188,ADB-3469619,ADB-3469624,ADB-1788935,ADB-3469634,ADB-3469614	1479184923632
66439516	301772	EP015683360090	EP015683360090	ABC	ABC	ADB-1788963,ADB-1788188,ADB-3469619,ADB-3469624,ADB-1788935,ADB-3469634,ADB-3469614	1480484204781
66439516	308122	EP019956060024	EP019956060024	Discovery Channel	Discovery Channel	ADB-1788963,ADB-1788188,ADB-3469619,ADB-3469624,ADB-1788935,ADB-3469634,ADB-3469614	1480484204781
66439516	308122	EP012124070044	EP012124070044	History	History	ADB-1788963,ADB-1788188,ADB-3469619,ADB-3469624,ADB-1788935,ADB-3469634,ADB-3469614	1480482904657
66439516	308122	EP015683360085	EP015683360085	ABC	ABC	ADB-1788963,ADB-1788188,ADB-3469619,ADB-3469624,ADB-1788935,ADB-3469634,ADB-3469614	1480482904657
66439516	308122	EP011594940251	EP011594940251	History	History	ADB-1788963,ADB-1788188,ADB-3469619,ADB-3469624,ADB-1788935,ADB-3469634,ADB-3469614	1481413001198
66439516	301778	EP017386900066	EP017386900066	NBC	NBC	ADB-1788963,ADB-1788188,ADB-3469619,ADB-3469624,ADB-1788935,ADB-3469634,ADB-3469614	1481413001198
64c614c2	308122	unknown	EP009311820216	N/A	CBS	ADB-3469623,ADB-3469626,ADB-3469612,ADB-3469625,ADB-3469624,ADB-3469628,ADB-3469634,ADB-3469614	1481411461138
64c614c2	301784	EP019152141850	EP019152141850	NBC	NBC	ADB-3469623,ADB-3469626,ADB-3469612,ADB-3469625,ADB-3469624,ADB-3469628,ADB-3469634,ADB-3469614	1481411461138
64c614c2	308117	EP007537910271	EP007537910271	CBS	CBS	ADB-3469623,ADB-3469626,ADB-3469612,ADB-3469625,ADB-3469624,ADB-3469628,ADB-3469634,ADB-3469614	1480376441517
64c614c2	301784	EP019152141849	EP019152141849	NBC	NBC	ADB-3469623,ADB-3469626,ADB-3469612,ADB-3469625,ADB-3469624,ADB-3469628,ADB-3469634,ADB-3469614	1480376441517
b5a7a393	301783	EP000191552879	EP000191552879	NBC	NBC	ADB-1788951	1479575120056
e6d4a684	301783	EP018764110044	EP018764110044	Fox	Fox	ADB-1788951	1479575120056
b5a7a393	308117	EP015679150090	EP015679150090	NBC	NBC	ADB-1788951	1481370504234
b5a7a393	301784	EP016164380038	EP016164380038	A&E	A&E	ADB-1788951	1481370504234
b5a7a393	308122	EP003169780041	EP003169780041	USA Network	USA Network	ADB-1788951	1479580595310
b5a7a393	301783	EP021838110020	EP021838110020	Fox	Fox	ADB-1788951	1479580595310
b5a7a393	308122	EP017386900066	EP017386900066	NBC	NBC	ADB-1788951	1479864797711
e6d4a684	308122	EP018764110044	EP018764110044	Fox	Fox	ADB-1788951	1479864797711
b5a7a393	308122	EP007322830303	EP007322830303	ABC	ABC	ADB-1788951	1479864391156
e6d4a684	301784	EP005520800597	EP005520800597	Fox	Fox	ADB-1788951	1479864391156
b5a7a393	301778	EP016164380038	EP016164380038	A&E	A&E	ADB-1788951	1479926523406
b5a7a393	301778	EP017386900066	EP017386900066	NBC	NBC	ADB-1788951	1479926523406
b5a7a393	308122	EP000191552879	EP000191552879	NBC	NBC	ADB-1788951	1479440115079
93242524	308122	EP000000351290	EP000000351290	CBS	CBS	ADB-3469623	1479440115079
93242524	308122	EP017390480051	EP017390480051	Fox	Fox	ADB-3469623	1480790742625
4676a6e7	301785	EP005520800597	EP005520800597	Fox	Fox	ADB-3469625,ADB-3469628	1480790742625
4676a6e7	301784	EP005520800595	EP005520800595	Fox	Fox	ADB-3469625,ADB-3469628	1480901477970
72b34633	301772	EP000191483242	EP000191483242	Turner Network TV	Turner Network TV	ADB-1788188,ADB-1788946	1480901477970
72b34633	301772	SP003371600000	EP018764110044	ESPN	Fox	ADB-1788188,ADB-1788946	1480901713084
93859625	308122	EP000000351290	EP000000351290	CBS	CBS	ADB-1788188,ADB-1788972	1480901713084
93859625	301778	EP021836870004	EP021836870004	NBC	NBC	ADB-1788188,ADB-1788972	1480489463112
93859625	301784	EP021838110021	EP021838110021	Fox	Fox	ADB-1788188,ADB-1788972	1480489463112
93859625	308117	EP000037101003	EP000037101003	NBC	NBC	ADB-1788188,ADB-1788972	1480492738511
93859625	308122	EP000000351291	EP000000351291	CBS	CBS	ADB-1788188,ADB-1788972	1480492738511
93859625	308117	unknown	EP000037101003	N/A	NBC	ADB-1788188,ADB-1788972	1480398073919
93859625	308122	EP018764110044	EP018764110044	Fox	Fox	ADB-1788188,ADB-1788972	1480398073919
93859625	308117	EP000000351289	EP000000351289	CBS	CBS	ADB-1788188,ADB-1788972	1480478071420
94d57337	308122	EP019152141897	EP019152141897	NBC	NBC	ADB-1788177	1480478071420
94d57337	308117	EP007322830301	EP007322830301	ABC	ABC	ADB-1788177	1480183745267
94d57337	308122	EP005455792541	EP005455792541	ABC	ABC	ADB-1788177	1480183745267
94d57337	308122	EP017211070551	EP017211070551	NBC	NBC	ADB-1788177	1478720169228
64677677	301778	EP022637450015	EP022637450015	Food Network	Food Network	ADB-1788188,ADB-1788946	1478720169228
64677677	301785	EP022637450015	EP022637450015	Food Network	Food Network	ADB-1788188,ADB-1788946	1480525747128
64677677	301784	EP022637450015	EP022637450015	Food Network	Food Network	ADB-1788188,ADB-1788946	1480525747128
2416e544	301778	EP005520800597	EP005520800597	Fox	Fox	ADB-1788177	1480527663708
2416e544	301785	EP005520800597	EP005520800597	Fox	Fox	ADB-1788177	1480527663708
2416e544	301784	EP005520800597	EP005520800597	Fox	Fox	ADB-1788177	1480369811427
2416e544	301784	EP005520800597	EP005520800597	Fox	Fox	ADB-1788177	1480369811427
86a6a414	301772	EP000191483258	unknown	ABC	N/A	ADB-3469625,ADB-1788177,ADB-1788951,ADB-1788188	1479505187317
86a6a414	301772	EP000191483229	EP000191483229	Turner Network TV	Turner Network TV	ADB-3469625,ADB-1788177,ADB-1788951,ADB-1788188	1479505187317
86a6a414	301772	EP000191483258	unknown	ABC	N/A	ADB-3469625,ADB-1788177,ADB-1788951,ADB-1788188	1478295138347
86a6a414	301778	EP019213280031	unknown	Fox	N/A	ADB-3469625,ADB-1788177,ADB-1788951,ADB-1788188	1478295138347
86a6a414	308122	EP011594940251	EP011594940251	History	History	ADB-3469625,ADB-1788177,ADB-1788951,ADB-1788188	1480479437736
86a6a414	308122	EP017390480051	EP017390480051	Fox	Fox	ADB-3469625,ADB-1788177,ADB-1788951,ADB-1788188	1480479437736
86a6a414	308122	EP017390480051	EP017390480051	Fox	Fox	ADB-3469625,ADB-1788177,ADB-1788951,ADB-1788188	1480481233174
86a6a414	301778	EP019213280032	EP019213280032	Fox	Fox	ADB-3469625,ADB-1788177,ADB-1788951,ADB-1788188	1480481233174
86a6a414	308117	EP015899250124	EP015899250124	History	History	ADB-3469625,ADB-1788177,ADB-1788951,ADB-1788188	1480479042246
86a6a414	308122	EP019213280030	EP019213280030	Fox	Fox	ADB-3469625,ADB-1788177,ADB-1788951,ADB-1788188	1480479042246
86a6a414	301772	EP000191483229	EP000191483229	Turner Network TV	Turner Network TV	ADB-3469625,ADB-1788177,ADB-1788951,ADB-1788188	1480481023436
86a6a414	308117	EP017390480051	EP017390480051	Fox	Fox	ADB-3469625,ADB-1788177,ADB-1788951,ADB-1788188	1480481023436
86a6a414	308117	EP017390480051	EP017390480051	Fox	Fox	ADB-3469625,ADB-1788177,ADB-1788951,ADB-1788188	1481581281166
86a6a414	308122	EP018764110044	EP018764110044	Fox	Fox	ADB-3469625,ADB-1788177,ADB-1788951,ADB-1788188	1481581281166
37638797	301783	unknown	unknown	N/A	N/A	ADB-1788177,ADB-1788949	1480525017363
37638797	301783	unknown	unknown	N/A	N/A	ADB-1788177,ADB-1788949	1480525017363
37638797	301783	unknown	unknown	N/A	N/A	ADB-1788177,ADB-1788949	1480443196998
24e79637	301772	EP000191483258	EP000191483258	ABC	ABC	ADB-1788963,ADB-1788949,ADB-1788959,ADB-1788188,ADB-1788951	1480443196998
24c33775	301772	EP015683360090	EP015683360090	ABC	ABC	ADB-1788977	1480444938742
24c33775	308117	EP000018937482	unknown	ABC	N/A	ADB-1788977	1480444938742
24c33775	308117	EP005455792550	EP005455792550	ABC	ABC	ADB-1788977	1479330922009
24c33775	308122	EP015683360085	EP015683360085	ABC	ABC	ADB-1788977	1479330922009
24c33775	308117	EP000018937479	unknown	ABC	N/A	ADB-1788977	1479163691197
24c33775	301778	EP000031384606	EP000031384606	ABC	ABC	ADB-1788977	1479163691197
24c33775	308117	EP000018937461	EP000018937461	ABC	ABC	ADB-1788977	1479488081053
06779334	308122	unknown	unknown	N/A	N/A	ADB-1788951	1479488081053
06779334	308122	EP019213280030	EP019213280030	Fox	Fox	ADB-1788951	1481240073336
06779334	301785	EP005520800597	EP005520800597	Fox	Fox	ADB-1788951	1481240073336
06779334	301778	EP005520800597	unknown	Fox	N/A	ADB-1788951	1479677715881
06779334	301784	EP005520800597	EP005520800597	Fox	Fox	ADB-1788951	1479677715881
a666f786	308122	unknown	unknown	N/A	N/A	ADB-1788188,ADB-1788949	1480881324017
a666f786	308122	unknown	unknown	N/A	N/A	ADB-1788188,ADB-1788949	1480881324017
a666f786	301783	unknown	unknown	N/A	N/A	ADB-1788188,ADB-1788949	1480448073249
a666f786	308122	SH014234470000	unknown	ABC	N/A	ADB-1788188,ADB-1788949	1480448073249
a666f786	301784	EP006819110220	EP006819110220	USA Network	USA Network	ADB-1788188,ADB-1788949	1479858821749
a666f786	308122	unknown	unknown	N/A	N/A	ADB-1788188,ADB-1788949	1479858821749
a666f786	301778	EP013300401304	unknown	MSNBC	N/A	ADB-1788188,ADB-1788949	1481319064212
a666f786	308122	unknown	unknown	N/A	N/A	ADB-1788188,ADB-1788949	1481319064212
65179694	308122	EP007322830303	EP007322830303	ABC	ABC	ADB-1788945	1478734919912
65179694	308117	EP007322830301	EP007322830301	ABC	ABC	ADB-1788945	1478734919912
65179694	301784	EP011581240192	EP011581240192	ABC	ABC	ADB-1788945	1478735264182
a6c32522	308117	EP009311820203	EP009311820203	CBS	CBS	ADB-3469612,ADB-1788946	1478735264182
94a59526	308122	EP022099820009	EP022099820009	AMC	AMC	ADB-3469625	1479767709862
94a59526	308117	EP022099820009	EP022099820009	AMC	AMC	ADB-3469625	1479767709862
167555a6	308117	unknown	EP007537910271	N/A	N/A	ADB-3469634,ADB-3469619	1481595589273
165394d7	308122	EP019152141911	EP019152141911	NBC	NBC	ADB-1788177	1481595589273
165394d7	308122	EP019152141908	EP019152141908	NBC	NBC	ADB-1788177	1480360417052
165394d7	308122	EP020586310055	EP020586310055	Velocity	Velocity	ADB-1788177	1480360417052
165394d7	308117	EP019152141895	EP019152141895	NBC	NBC	ADB-1788177	1479401114394
165394d7	301778	EP019152141911	EP019152141911	NBC	NBC	ADB-1788177	1479401114394
165394d7	308122	EP003670780115	EP003670780115	CBS	CBS	ADB-1788177	1480480935277
165394d7	301772	EP019223100046	EP019223100046	CBS	CBS	ADB-1788177	1480480935277
165394d7	308122	EP000000351290	EP000000351290	CBS	CBS	ADB-1788177	1480479990817
165394d7	308122	EP019152141894	unknown	NBC	N/A	ADB-1788177	1480479990817
165394d7	301772	EP019223100046	EP019223100046	CBS	CBS	ADB-1788177	1480481435021
165394d7	301784	EP019152141849	EP019152141849	NBC	NBC	ADB-1788177	1480481435021
165394d7	301778	EP019152141898	unknown	NBC	N/A	ADB-1788177	1480481706228
165394d7	301784	EP019152141850	EP019152141850	NBC	NBC	ADB-1788177	1480481706228
165394d7	308122	EP006819110325	EP006819110325	CBS	CBS	ADB-1788177	1480611244185
165394d7	308122	EP009311820216	EP009311820216	CBS	CBS	ADB-1788177	1480611244185
165394d7	301772	EP019223100046	EP019223100046	CBS	CBS	ADB-1788177	1481665961925
165394d7	308122	unknown	unknown	N/A	N/A	ADB-1788177	1481665961925
165394d7	301778	unknown	unknown	N/A	N/A	ADB-1788177	1481639938442
165394d7	308122	EP019152141897	EP019152141897	NBC	NBC	ADB-1788177	1481639938442
4772f495	301784	EP000018937480	EP000018937480	ABC	ABC	ADB-1788188,ADB-1788945,ADB-1788946	1481476761488
7704b4d4	301772	EP000191483216	EP000191483216	Turner Network TV	Turner Network TV	ADB-3469625	1481476761488
7704b4d4	308122	EP000176170331	EP000176170331	Turner Network TV	Turner Network TV	ADB-3469625	1478724437618
7704b4d4	301784	EP013657560264	EP013657560264	NBC	NBC	ADB-3469625	1478724437618
3752f564	308122	unknown	unknown	N/A	N/A	ADB-1788948	1481408841102
3752f564	308122	EP000018937485	EP000018937485	ABC	ABC	ADB-1788948	1481408841102
3752f564	301784	EP000018937475	unknown	ABC	N/A	ADB-1788948	1481407807722
3752f564	301783	unknown	unknown	N/A	N/A	ADB-1788948	1481407807722
3752f564	301784	EP000018937480	unknown	ABC	N/A	ADB-1788948	1481383951243
3752f564	308117	EP017390480051	EP017390480051	Fox	Fox	ADB-1788948	1481383951243
3752f564	308117	EP017390480051	EP017390480051	Fox	Fox	ADB-1788948	1478544153099
3752f564	308122	unknown	unknown	N/A	N/A	ADB-1788948	1478544153099
3752f564	308122	unknown	unknown	N/A	N/A	ADB-1788948	1481480335711
94a6b735	301772	EP005544654871	EP005544654871	N/A	N/A	ADB-3469612	1481480335711
94a6b735	301784	EP013657560264	EP013657560264	N/A	N/A	ADB-3469612	1480787133609
94a6b735	301772	EP005544654873	EP005544654873	N/A	N/A	ADB-3469612	1480787133609
94a6b735	308122	EP013657560269	EP013657560269	N/A	N/A	ADB-3469612	1481654329131
94a6b735	308117	EP019222940042	EP019222940042	N/A	N/A	ADB-3469612	1481654329131
94a6b735	308122	EP000000351290	EP000000351290	N/A	N/A	ADB-3469612	1479143267189
94a6b735	308122	EP000000351291	EP000000351291	N/A	N/A	ADB-3469612	1479143267189
94a6b735	308117	EP007537910271	EP007537910271	N/A	N/A	ADB-3469612	1481505673603
94a6b735	308122	EP003670780115	EP003670780115	N/A	N/A	ADB-3469612	1481505673603
94a6b735	308117	EP013657560268	EP013657560268	N/A	N/A	ADB-3469612	1481322956629
94a6b735	301772	EP005544654874	EP005544654874	N/A	N/A	ADB-3469612	1481322956629
94a6b735	308117	EP007537910271	EP007537910271	N/A	N/A	ADB-3469612	1481410426332
94a6b735	301772	EP005544654874	EP005544654874	N/A	N/A	ADB-3469612	1481410426332
94a6b735	308117	EP000000351289	EP000000351289	N/A	N/A	ADB-3469612	1480617941432
e5267626	301783	EP020865430016	EP020865430016	truTV	truTV	ADB-3469623,ADB-3469612,ADB-3469624,ADB-3469628,ADB-3469634,ADB-3469614	1480617941432
e5267626	301772	EP005544654869	unknown	Fox	N/A	ADB-3469623,ADB-3469612,ADB-3469624,ADB-3469628,ADB-3469634,ADB-3469614	1480477723751
e5267626	301772	SH011324270000	EP023631990002	Fox	Fox	ADB-3469623,ADB-3469612,ADB-3469624,ADB-3469628,ADB-3469634,ADB-3469614	1480477723751
e5267626	301772	EP005544654872	EP005544654872	Fox	Fox	ADB-3469623,ADB-3469612,ADB-3469624,ADB-3469628,ADB-3469634,ADB-3469614	1481080144559
e5267626	301783	SH018009710000	SH018009710000	NBCSN	NBCSN	ADB-3469623,ADB-3469612,ADB-3469624,ADB-3469628,ADB-3469634,ADB-3469614	1481080144559
e5267626	301772	EP005544654869	EP005544654869	Fox	Fox	ADB-3469623,ADB-3469612,ADB-3469624,ADB-3469628,ADB-3469634,ADB-3469614	1478904636456
e5267626	301772	EP005544654872	EP005544654872	Fox	Fox	ADB-3469623,ADB-3469612,ADB-3469624,ADB-3469628,ADB-3469634,ADB-3469614	1478904636456
e5267626	301772	EP005544654869	EP005544654869	Fox	Fox	ADB-3469623,ADB-3469612,ADB-3469624,ADB-3469628,ADB-3469634,ADB-3469614	1480814537364
e5267626	308117	unknown	unknown	N/A	N/A	ADB-3469623,ADB-3469612,ADB-3469624,ADB-3469628,ADB-3469634,ADB-3469614	1480814537364
e5267626	301772	EP005544654872	EP005544654872	Fox	Fox	ADB-3469623,ADB-3469612,ADB-3469624,ADB-3469628,ADB-3469634,ADB-3469614	1480282062694
e5267626	308122	MV003801590000	MV003801590000	N/A	N/A	ADB-3469623,ADB-3469612,ADB-3469624,ADB-3469628,ADB-3469634,ADB-3469614	1480282062694
64a31466	301772	EP000191483258	EP000191483258	ABC	ABC	ADB-3469619,ADB-3469634	1480282960150
64a31466	301784	unknown	EP000191483269	N/A	ABC	ADB-3469619,ADB-3469634	1480282960150
64a31466	301778	unknown	EP008468530202	N/A	Fox	ADB-3469619,ADB-3469634	1478528755056
64a31466	301778	unknown	unknown	N/A	N/A	ADB-3469619,ADB-3469634	1478528755056
64a31466	301778	unknown	EP000191483269	N/A	ABC	ADB-3469619,ADB-3469634	1480369801493
64a31466	301778	EP000191483199	EP000191483199	ABC	ABC	ADB-3469619,ADB-3469634	1480369801493
64a31466	301784	unknown	unknown	N/A	N/A	ADB-3469619,ADB-3469634	1479245656804
64a31466	301778	unknown	EP000195595582	N/A	NBC	ADB-3469619,ADB-3469634	1479245656804
07833315	301784	EP007399290330	EP007399290330	Fox	Fox	ADB-3469623,ADB-3469626,ADB-3469612,ADB-3469625,ADB-3469624,ADB-3469634,ADB-3469614	1479406788426
07833315	301784	EP005520800597	EP005520800597	Fox	Fox	ADB-3469623,ADB-3469626,ADB-3469612,ADB-3469625,ADB-3469624,ADB-3469634,ADB-3469614	1479406788426
07833315	308122	EP007399290328	EP007399290328	Fox	Fox	ADB-3469623,ADB-3469626,ADB-3469612,ADB-3469625,ADB-3469624,ADB-3469634,ADB-3469614	1478023573228
07833315	308122	EP021838640012	EP021838640012	Fox	Fox	ADB-3469623,ADB-3469626,ADB-3469612,ADB-3469625,ADB-3469624,ADB-3469634,ADB-3469614	1478023573228
07833315	301778	EP005520800597	EP005520800597	Fox	Fox	ADB-3469623,ADB-3469626,ADB-3469612,ADB-3469625,ADB-3469624,ADB-3469634,ADB-3469614	1481424787263
07833315	308117	unknown	unknown	N/A	N/A	ADB-3469623,ADB-3469626,ADB-3469612,ADB-3469625,ADB-3469624,ADB-3469634,ADB-3469614	1481424787263
03673376	301778	EP007473660528	EP007473660528	ABC	ABC	ADB-3469605	1478621081328
03673376	308122	EP009311820217	EP009311820217	CBS	CBS	ADB-3469605	1478621081328
03673376	308122	EP007473660528	EP007473660528	ABC	ABC	ADB-3469605	1481131758573
03673376	301783	unknown	unknown	N/A	N/A	ADB-3469605	1481131758573
03673376	308122	EP000000351291	EP000000351291	CBS	CBS	ADB-3469605	1480190192982
86232303	308122	EP019152141911	unknown	NBC	N/A	ADB-1788951,ADB-1788188	1480190192982
86232303	308122	EP019152141908	EP019152141908	NBC	NBC	ADB-1788951,ADB-1788188	1478032766321
86232303	308122	EP019152141894	unknown	NBC	N/A	ADB-1788951,ADB-1788188	1478032766321
86232303	301778	EP019152141911	EP019152141911	NBC	NBC	ADB-1788951,ADB-1788188	1480360012008
86232303	301784	EP019152141849	EP019152141849	NBC	NBC	ADB-1788951,ADB-1788188	1480360012008
86232303	308122	EP013657560268	EP015471390003	NBC	N/A	ADB-1788951,ADB-1788188	1478456314955
2756d644	308122	MV008629810000	MV008629810000	Lifetime	Lifetime	ADB-3469623,ADB-3469612,ADB-3469582,ADB-3469624,ADB-3469628,ADB-3469634,ADB-3469614	1478456314955
2756d644	301772	SH000199170000	SH000199170000	ESPN	ESPN	ADB-3469623,ADB-3469612,ADB-3469582,ADB-3469624,ADB-3469628,ADB-3469634,ADB-3469614	1480430913399
2756d644	301772	EP000191483231	EP000191483231	Turner Network TV	Turner Network TV	ADB-3469623,ADB-3469612,ADB-3469582,ADB-3469624,ADB-3469628,ADB-3469634,ADB-3469614	1480430913399
2756d644	301784	MV008814200000	MV008814200000	Lifetime	Lifetime	ADB-3469623,ADB-3469612,ADB-3469582,ADB-3469624,ADB-3469628,ADB-3469634,ADB-3469614	1480430153264
2756d644	308122	EP000191483231	EP000191483231	Turner Network TV	Turner Network TV	ADB-3469623,ADB-3469612,ADB-3469582,ADB-3469624,ADB-3469628,ADB-3469634,ADB-3469614	1480430153264
4676a2f5	301783	unknown	unknown	N/A	N/A	ADB-3469623,ADB-3469626,ADB-3469612,ADB-3469625,ADB-3469624,ADB-3469634,ADB-3469614	1480430722848
4676a2f5	308117	SP003373880000	SP003373880000	Sportstime Ohio	Sportstime Ohio	ADB-3469623,ADB-3469626,ADB-3469612,ADB-3469625,ADB-3469624,ADB-3469634,ADB-3469614	1480430722848
4676a2f5	308117	SP003373750000	SP003373750000	Sportstime Ohio	Sportstime Ohio	ADB-3469623,ADB-3469626,ADB-3469612,ADB-3469625,ADB-3469624,ADB-3469634,ADB-3469614	1481571356541
4676a2f5	301783	unknown	unknown	N/A	N/A	ADB-3469623,ADB-3469626,ADB-3469612,ADB-3469625,ADB-3469624,ADB-3469634,ADB-3469614	1481571356541
4676a2f5	308117	SP003373750000	SP003373750000	Sportstime Ohio	Sportstime Ohio	ADB-3469623,ADB-3469626,ADB-3469612,ADB-3469625,ADB-3469624,ADB-3469634,ADB-3469614	1480480235982
4676a2f5	308117	SP003373880000	SP003373880000	Sportstime Ohio	Sportstime Ohio	ADB-3469623,ADB-3469626,ADB-3469612,ADB-3469625,ADB-3469624,ADB-3469634,ADB-3469614	1480480235982
4676a2f5	301783	EP001887105622	unknown	CBS	N/A	ADB-3469623,ADB-3469626,ADB-3469612,ADB-3469625,ADB-3469624,ADB-3469634,ADB-3469614	1480481410795
4676a2f5	301783	unknown	unknown	N/A	N/A	ADB-3469623,ADB-3469626,ADB-3469612,ADB-3469625,ADB-3469624,ADB-3469634,ADB-3469614	1480481410795
4676a2f5	301783	unknown	unknown	N/A	N/A	ADB-3469623,ADB-3469626,ADB-3469612,ADB-3469625,ADB-3469624,ADB-3469634,ADB-3469614	1480896959533
4676a2f5	301783	unknown	unknown	N/A	N/A	ADB-3469623,ADB-3469626,ADB-3469612,ADB-3469625,ADB-3469624,ADB-3469634,ADB-3469614	1480896959533
4676a2f5	308122	EP000000351291	EP000000351291	CBS	CBS	ADB-3469623,ADB-3469626,ADB-3469612,ADB-3469625,ADB-3469624,ADB-3469634,ADB-3469614	1480476010111
4676a2f5	301783	unknown	unknown	N/A	N/A	ADB-3469623,ADB-3469626,ADB-3469612,ADB-3469625,ADB-3469624,ADB-3469634,ADB-3469614	1480476010111
62b76547	301772	EP023842420008	EP023842420008	History	History	ADB-1788177	1480478198136
62b76547	301785	EP017392440065	EP017392440065	ABC	ABC	ADB-1788177	1480478198136
62b76547	301785	EP015693720093	EP015693720093	The CW	The CW	ADB-1788177	1481419570731
753776d4	301778	EP019213280031	EP019213280031	Fox	Fox	ADB-3469626	1481419570731
753776d4	308122	EP019213280030	EP019213280030	Fox	Fox	ADB-3469626	1480101980963
753776d4	308122	EP017277730040	EP017277730040	HGTV	HGTV	ADB-3469626	1480101980963
753776d4	308122	EP019213280030	EP019213280030	Fox	Fox	ADB-3469626	1478640969602
753776d4	301785	EP018423000367	EP018423000367	NBC	NBC	ADB-3469626	1478640969602
463414b6	308122	unknown	unknown	N/A	N/A	ADB-3469625	1480473573207
84a4c796	308122	EP003851900019	EP000018937474	N/A	ABC	ADB-1788188,ADB-1788976,ADB-1788977	1480473573207
84a4c796	308122	EP000018937485	EP000018937485	ABC	ABC	ADB-1788188,ADB-1788976,ADB-1788977	1481330216296
84a4c796	301772	EP015683360090	unknown	ABC	N/A	ADB-1788188,ADB-1788976,ADB-1788977	1481330216296
84a4c796	308122	EP019213280030	EP019213280030	Fox	Fox	ADB-1788188,ADB-1788976,ADB-1788977	1478138253199
84a4c796	308122	EP010783390220	EP010783390220	HGTV	HGTV	ADB-1788188,ADB-1788976,ADB-1788977	1478138253199
84a4c796	301778	EP013657560270	EP013657560270	NBC	NBC	ADB-1788188,ADB-1788976,ADB-1788977	1480477618770
84a4c796	308122	EP021846800005	EP021846800005	ABC	ABC	ADB-1788188,ADB-1788976,ADB-1788977	1480477618770
26446492	308122	EP006819110325	EP000191905863	CBS	Fox	ADB-1788188	1481315061015
26446492	301778	EP005520800597	EP005520800597	Fox	Fox	ADB-1788188	1481315061015
26446492	308122	EP009311820217	EP009311820217	CBS	CBS	ADB-1788188	1480790168246
26446492	301784	EP005520800597	EP005520800597	Fox	Fox	ADB-1788188	1480790168246
26446492	308117	EP014194780116	EP014194780116	ABC	ABC	ADB-1788188	1478717811454
26446492	308122	EP017386900066	EP017386900066	NBC	NBC	ADB-1788188	1478717811454
26446492	308117	EP017386900065	EP017386900065	NBC	NBC	ADB-1788188	1478726177935
26446492	308122	EP003670780115	EP003670780115	CBS	CBS	ADB-1788188	1478726177935
26446492	308122	EP014194780118	EP014194780118	ABC	ABC	ADB-1788188	1480534116127
26446492	301784	EP013657560264	EP013657560264	NBC	NBC	ADB-1788188	1480534116127
26446492	308122	EP019062760132	EP019062760132	CBS	CBS	ADB-1788188	1480443948078
26446492	308122	EP013657560269	EP013657560269	NBC	NBC	ADB-1788188	1480443948078
26446492	308122	EP019952930173	EP019952930173	CBS	CBS	ADB-1788188	1480558062276
26446492	301785	EP005520800597	EP005520800597	Fox	Fox	ADB-1788188	1480558062276
26446492	301784	EP005520800597	EP005520800597	Fox	Fox	ADB-1788188	1480350550522
26446492	308117	EP021854510022	EP021854510022	CBS	CBS	ADB-1788188	1480350550522
26446492	308122	EP014194780118	EP014194780118	ABC	ABC	ADB-1788188	1481593542387
26446492	308122	EP009311820216	EP009311820216	CBS	CBS	ADB-1788188	1481593542387
26446492	301778	EP017386900066	EP017386900066	NBC	NBC	ADB-1788188	1478006301963
84f6f587	301778	EP015223350697	EP015223350697	NBC	NBC	ADB-1788188,ADB-1788946	1478006301963
84f6f587	308122	EP011117850261	EP011117850261	Food Network	Food Network	ADB-1788188,ADB-1788946	1481138579363
84f6f587	308122	EP011117850261	EP011117850261	Food Network	Food Network	ADB-1788188,ADB-1788946	1481138579363
84f6f587	301778	EP015223350705	unknown	NBC	N/A	ADB-1788188,ADB-1788946	1480650030921
84f6f587	308117	EP000176170290	EP000176170290	Turner Network TV	Turner Network TV	ADB-1788188,ADB-1788946	1480650030921
84f6f587	301778	EP015223350704	EP015223350704	NBC	NBC	ADB-1788188,ADB-1788946	1479840757397
84f6f587	301784	EP015223350704	EP015223350704	NBC	NBC	ADB-1788188,ADB-1788946	1479840757397
84f6f587	301784	EP000176170299	EP000176170299	Turner Network TV	Turner Network TV	ADB-1788188,ADB-1788946	1481269880912
84f6f587	308122	EP003670780115	EP003670780115	CBS	CBS	ADB-1788188,ADB-1788946	1481269880912
84f6f587	301778	EP019213280031	EP019213280031	Fox	Fox	ADB-1788188,ADB-1788946	1479657603466
84f6f587	308117	EP021854510022	EP003169780041	CBS	MyNetworkTV	ADB-1788188,ADB-1788946	1479657603466
84f6f587	308122	EP011117850362	EP011117850362	Food Network	Food Network	ADB-1788188,ADB-1788946	1479924506715
84f6f587	301784	EP015223350705	unknown	NBC	N/A	ADB-1788188,ADB-1788946	1479924506715
84f6f587	308122	EP011117850284	EP011117850284	Food Network	Food Network	ADB-1788188,ADB-1788946	1479392929641
84f6f587	308122	EP000176170331	EP000176170331	Turner Network TV	Turner Network TV	ADB-1788188,ADB-1788946	1479392929641
84f6f587	301785	EP000176170273	EP000176170273	Turner Network TV	Turner Network TV	ADB-1788188,ADB-1788946	1480393058153
84f6f587	308122	EP019213280030	EP019213280030	Fox	Fox	ADB-1788188,ADB-1788946	1480393058153
84f6f587	301784	EP015223350698	EP015223350698	NBC	NBC	ADB-1788188,ADB-1788946	1480480618071
84f6f587	301778	EP015223350696	SH016511640000	NBC	VH1	ADB-1788188,ADB-1788946	1480480618071
f6371705	308122	MV002519520000	MV002519520000	N/A	N/A	ADB-3469625,ADB-3469623,ADB-3469612	1481418833778
23965467	308122	EP006819110296	EP006819110296	USA Network	USA Network	ADB-1788177	1481418833778
23965467	301778	unknown	unknown	N/A	N/A	ADB-1788177	1480541767858
23965467	301778	unknown	unknown	N/A	N/A	ADB-1788177	1480541767858
23965467	301778	unknown	unknown	N/A	N/A	ADB-1788177	1478537863109
23965467	301783	unknown	unknown	N/A	N/A	ADB-1788177	1478537863109
23965467	301783	unknown	unknown	N/A	N/A	ADB-1788177	1480368432964
23965467	301784	unknown	unknown	N/A	N/A	ADB-1788177	1480368432964
23965467	301783	unknown	unknown	N/A	N/A	ADB-1788177	1479446582062
23965467	301783	unknown	unknown	N/A	N/A	ADB-1788177	1479446582062
23965467	301778	unknown	unknown	N/A	N/A	ADB-1788177	1480430671725
23965467	301783	unknown	unknown	N/A	N/A	ADB-1788177	1480430671725
23965467	301784	EP021838110021	EP021838110021	Fox	Fox	ADB-1788177	1480430948293
23965467	301778	EP021838110021	EP021838110021	Fox	Fox	ADB-1788177	1480430948293
23965467	301783	unknown	EP023631990008	N/A	Fox	ADB-1788177	1480431222693
23965467	301783	unknown	unknown	N/A	N/A	ADB-1788177	1480431222693
23965467	301778	unknown	EP023306330008	N/A	The Learning Channel	ADB-1788177	1479511126061
23965467	301783	unknown	unknown	N/A	N/A	ADB-1788177	1479511126061
23965467	301783	unknown	unknown	N/A	N/A	ADB-1788177	1479510652613
23965467	301783	unknown	unknown	N/A	N/A	ADB-1788177	1479510652613
23965467	301778	unknown	EP000174760127	N/A	Hallmark Channel	ADB-1788177	1480474823266
23965467	301783	SH000191160000	EP000174760113	ABC	Hallmark Channel	ADB-1788177	1480474823266
23965467	301783	unknown	unknown	N/A	N/A	ADB-1788177	1480476513134
23965467	301783	unknown	EP023631990008	N/A	Fox	ADB-1788177	1480476513134
23965467	301778	EP019213280032	EP019213280032	Fox	Fox	ADB-1788177	1480652961985
23965467	308117	EP014192030114	EP014192030114	Fox	Fox	ADB-1788177	1480652961985
23965467	301784	unknown	unknown	N/A	N/A	ADB-1788177	1480653761276
23965467	301783	MV000388310000	MV000388310000	Hallmark Movies & Mysteries	Hallmark Movies & Mysteries	ADB-1788177	1480653761276
23965467	301778	unknown	unknown	N/A	N/A	ADB-1788177	1479999539571
23965467	301784	unknown	unknown	N/A	N/A	ADB-1788177	1479999539571
46331415	308117	EP012124070081	EP012124070081	History	History	ADB-3469614	1480370720681
46331415	301784	EP005520800597	EP005520800597	N/A	N/A	ADB-3469614	1480370720681
46331415	301784	EP005520800597	EP005520800597	N/A	N/A	ADB-3469614	1478638101211
46331415	308122	EP007322830303	EP007322830303	N/A	N/A	ADB-3469614	1478638101211
46331415	301784	EP005520800595	EP005520800595	N/A	N/A	ADB-3469614	1481503643756
46331415	308122	unknown	unknown	N/A	N/A	ADB-3469614	1481503643756
46331415	308122	EP017899670105	EP017899670105	Food Network	Food Network	ADB-3469614	1481008067214
46331415	301785	EP005520800597	EP005520800597	N/A	N/A	ADB-3469614	1481008067214
332724f3	308122	SH003257820000	SH003257820000	N/A	N/A	ADB-1788188,ADB-1788945,ADB-1788946	1481026712716
332724f3	308122	EP003169780044	EP003169780044	USA Network	USA Network	ADB-1788188,ADB-1788945,ADB-1788946	1481026712716
332724f3	308122	EP017211070565	EP017211070565	N/A	N/A	ADB-1788188,ADB-1788945,ADB-1788946	1479488669013
332724f3	301778	EP014865730075	EP014865730075	Lifetime	Lifetime	ADB-1788188,ADB-1788945,ADB-1788946	1479488669013
933474a3	301778	EP019152141851	EP019152141851	NBC	NBC	ADB-1788188,ADB-1788972	1480492871883
17139776	301778	EP019152141896	EP019152141896	NBC	NBC	ADB-1788946	1480492871883
17139776	308117	EP015679150090	EP015679150090	NBC	NBC	ADB-1788946	1481331111885
17139776	308117	EP019152141895	EP019152141895	NBC	NBC	ADB-1788946	1481331111885
17139776	301784	EP015223350687	EP015223350687	NBC	NBC	ADB-1788946	1480633853997
17139776	308117	EP017386900065	EP017386900065	NBC	NBC	ADB-1788946	1480633853997
17139776	301784	EP015223350649	EP015223350649	NBC	NBC	ADB-1788946	1480467745993
17139776	301785	EP019152141904	EP019152141904	NBC	NBC	ADB-1788946	1480467745993
17139776	301778	EP015223350687	EP015223350687	NBC	NBC	ADB-1788946	1481641230906
17139776	301778	EP004847231734	EP004847231734	NBC	NBC	ADB-1788946	1481641230906
17139776	301785	EP017211070564	EP017211070564	NBC	NBC	ADB-1788946	1481379487193
17139776	301778	EP015223350649	EP015223350649	NBC	NBC	ADB-1788946	1481379487193
17139776	301784	EP015223350691	EP015223350691	NBC	NBC	ADB-1788946	1481295781913
17139776	308122	EP019152141903	EP019152141903	NBC	NBC	ADB-1788946	1481295781913
17139776	308122	EP019152141908	EP019152141908	NBC	NBC	ADB-1788946	1480199105195
17139776	301778	EP015223350684	EP015223350684	NBC	NBC	ADB-1788946	1480199105195
17139776	308117	EP015679150090	EP015679150090	NBC	NBC	ADB-1788946	1480455863515
17139776	308117	EP017899670105	EP017899670105	Food Network	Food Network	ADB-1788946	1480455863515
17139776	301784	EP019152141849	EP019152141849	NBC	NBC	ADB-1788946	1480491732281
17139776	301784	EP000191552737	EP000191552737	NBC	NBC	ADB-1788946	1480491732281
17139776	308122	unknown	unknown	N/A	N/A	ADB-1788946	1480492329116
17139776	301778	EP019152141896	EP019152141896	NBC	NBC	ADB-1788946	1480492329116
17139776	301778	EP015223350691	EP015223350691	NBC	NBC	ADB-1788946	1480489564928
17139776	308122	EP019152141911	EP019152141911	NBC	NBC	ADB-1788946	1480489564928
17139776	308122	EP019152141894	EP019152141894	NBC	NBC	ADB-1788946	1480471457855
17139776	301784	EP015223350684	EP015223350684	NBC	NBC	ADB-1788946	1480471457855
34367386	308117	EP015679150090	EP015679150090	NBC	NBC	ADB-1788188	1480387635366
94431534	301784	EP000191483269	EP000191483269	ABC	ABC	ADB-3469625	1480387635366
94431534	308122	EP013412100068	EP013412100068	History	History	ADB-3469625	1478321667352
94431534	301784	EP000191483269	EP000191483269	ABC	ABC	ADB-3469625	1478321667352
94431534	301778	EP000191483269	EP000191483269	ABC	ABC	ADB-3469625	1480441900612
94431534	301778	EP000191483269	EP000191483269	ABC	ABC	ADB-3469625	1480441900612
94431534	301783	unknown	unknown	N/A	N/A	ADB-3469625	1480439804141
94431534	308122	EP015899250053	EP015899250053	History	History	ADB-3469625	1480439804141
94431534	301772	EP000191483262	EP000191483262	Turner Network TV	Turner Network TV	ADB-3469625	1481562206728
94431534	301778	EP000191483199	EP000191483199	ABC	ABC	ADB-3469625	1481562206728
94431534	301784	EP000191483199	EP000191483199	ABC	ABC	ADB-3469625	1478661347615
94431534	301778	EP000191483199	EP000191483199	ABC	ABC	ADB-3469625	1478661347615
94431534	308122	unknown	unknown	N/A	N/A	ADB-3469625	1479241370207
94431534	301772	EP000191483256	EP000191483256	Turner Network TV	Turner Network TV	ADB-3469625	1479241370207
94431534	301784	EP000191483199	EP000191483199	ABC	ABC	ADB-3469625	1480476471177
94431534	301784	EP000191483269	EP000191483269	ABC	ABC	ADB-3469625	1480476471177
94431534	301778	EP000191483269	EP000191483269	ABC	ABC	ADB-3469625	1481049916100
94431534	308117	EP024095660001	EP024095660001	Discovery Channel	Discovery Channel	ADB-3469625	1481049916100
94431534	308122	unknown	unknown	N/A	N/A	ADB-3469625	1478659425938
456784f4	301784	MV002386580000	MV002386580000	N/A	N/A	ADB-1788188	1478659425938
26e6b455	308122	EP007542010284	EP007542010284	Fox	Fox	ADB-1788188,ADB-1788946,ADB-1788177	1479918254978
26e6b455	301772	EP019223100046	EP019223100046	CBS	CBS	ADB-1788188,ADB-1788946,ADB-1788177	1479918254978
26e6b455	308122	EP009311820217	EP009311820217	CBS	CBS	ADB-1788188,ADB-1788946,ADB-1788177	1478147492889
26e6b455	308122	EP007542010286	EP007542010286	Fox	Fox	ADB-1788188,ADB-1788946,ADB-1788177	1478147492889
26e6b455	301783	unknown	unknown	N/A	N/A	ADB-1788188,ADB-1788946,ADB-1788177	1479344679091
26e6b455	308117	EP017390480051	EP017390480051	Fox	Fox	ADB-1788188,ADB-1788946,ADB-1788177	1479344679091
26e6b455	301783	unknown	unknown	N/A	N/A	ADB-1788188,ADB-1788946,ADB-1788177	1480442479702
26e6b455	308122	EP007331290310	EP007331290310	Discovery Channel	Discovery Channel	ADB-1788188,ADB-1788946,ADB-1788177	1480442479702
26e6b455	301783	unknown	EP019062760126	N/A	CBS	ADB-1788188,ADB-1788946,ADB-1788177	1480444525017
26e6b455	301783	unknown	unknown	N/A	N/A	ADB-1788188,ADB-1788946,ADB-1788177	1480444525017
26e6b455	308122	EP006819110325	EP006819110325	CBS	CBS	ADB-1788188,ADB-1788946,ADB-1788177	1479063266630
26e6b455	301783	unknown	unknown	N/A	N/A	ADB-1788188,ADB-1788946,ADB-1788177	1479063266630
26e6b455	301783	EP007542010284	EP007542010284	Fox	Fox	ADB-1788188,ADB-1788946,ADB-1788177	1480808559163
26e6b455	301772	EP019223100046	EP019223100046	CBS	CBS	ADB-1788188,ADB-1788946,ADB-1788177	1480808559163
26e6b455	301783	CBS-Morning-News2-7	unknown	N/A	N/A	ADB-1788188,ADB-1788946,ADB-1788177	1480474645499
26e6b455	308122	unknown	unknown	N/A	N/A	ADB-1788188,ADB-1788946,ADB-1788177	1480474645499
26e6b455	301783	EP021854290024	EP021854290024	CBS	CBS	ADB-1788188,ADB-1788946,ADB-1788177	1480474181534
26e6b455	301772	EP019223100046	EP019223100046	CBS	CBS	ADB-1788188,ADB-1788946,ADB-1788177	1480474181534
26e6b455	301778	EP022207370013	EP022207370013	National Geographic Channel	National Geographic Channel	ADB-1788188,ADB-1788946,ADB-1788177	1480474331496
751517a3	301784	unknown	unknown	N/A	N/A	ADB-1788188	1480474331496
57658427	301772	EP000191483229	unknown	Turner Network TV	N/A	ADB-1788961	1478481436974
57658427	301784	SH023889310000	SH023889310000	BET	BET	ADB-1788961	1478481436974
57658427	301772	EP000191483229	EP000191483229	Turner Network TV	Turner Network TV	ADB-1788961	1480483562620
57658427	301778	SH023889310000	SH023889310000	BET	BET	ADB-1788961	1480483562620
57658427	301772	EP000191483229	EP000191483229	Turner Network TV	Turner Network TV	ADB-1788961	1480483353223
57658427	301778	EP019213280031	EP019213280031	Fox	Fox	ADB-1788961	1480483353223
57658427	308122	EP019213280030	EP019213280030	Fox	Fox	ADB-1788961	1480482999269
44a59447	301778	unknown	EP000191483199	N/A	ABC	ADB-1788188,ADB-1788976	1480482999269
44a59447	301778	EP019213280031	EP019213280031	Fox	Fox	ADB-1788188,ADB-1788976	1481553341209
44a59447	301784	EP000191483199	EP000191483199	ABC	ABC	ADB-1788188,ADB-1788976	1481553341209
44a59447	301783	SH000199170000	SH000199170000	ESPN	ESPN	ADB-1788188,ADB-1788976	1478888433582
44a59447	301784	unknown	EP000191483199	N/A	ABC	ADB-1788188,ADB-1788976	1478888433582
44a59447	301778	EP000191483199	EP000191483199	ABC	ABC	ADB-1788188,ADB-1788976	1481050526199
07445552	301778	EP020820940001	EP020820940001	HGTV	HGTV	ADB-1788188,ADB-1788946	1481050526199
07445552	308122	EP000037101012	EP000037101012	NBC	NBC	ADB-1788188,ADB-1788946	1478353496867
07445552	308122	EP020820940008	EP020820940008	HGTV	HGTV	ADB-1788188,ADB-1788946	1478353496867
07445552	308122	EP015409850054	EP015409850054	HGTV	HGTV	ADB-1788188,ADB-1788946	1481634734829
5667a342	308117	EP000176170282	EP000176170282	Turner Network TV	Turner Network TV	ADB-3469614	1481634734829
5667a342	301783	unknown	EP021834040001	N/A	NBC	ADB-3469614	1481498195954
35053624	301778	EP019213280031	EP019213280031	Fox	Fox	ADB-3469623,ADB-3469626,ADB-3469612,ADB-3469625,ADB-3469624,ADB-3469634,ADB-3469614	1481498195954
35053624	308122	EP007399290331	EP007399290331	Fox	Fox	ADB-3469623,ADB-3469626,ADB-3469612,ADB-3469625,ADB-3469624,ADB-3469634,ADB-3469614	1480445650187
35053624	301783	unknown	unknown	N/A	N/A	ADB-3469623,ADB-3469626,ADB-3469612,ADB-3469625,ADB-3469624,ADB-3469634,ADB-3469614	1480445650187
35053624	301778	EP010783390211	EP010783390211	HGTV	HGTV	ADB-3469623,ADB-3469626,ADB-3469612,ADB-3469625,ADB-3469624,ADB-3469634,ADB-3469614	1478469244186
35053624	301778	EP019213280032	EP019213280032	Fox	Fox	ADB-3469623,ADB-3469626,ADB-3469612,ADB-3469625,ADB-3469624,ADB-3469634,ADB-3469614	1478469244186
13447396	301772	EP000191483256	EP000191483256	Turner Network TV	Turner Network TV	ADB-1788177	1481509802983
17471704	308117	EP000018937461	unknown	ABC	N/A	ADB-3469628	1481509802983
34257705	301783	EP011809450102	EP011809450102	ESPN2	ESPN2	ADB-3469623,ADB-3469626,ADB-3469625,ADB-3469624,ADB-3469634	1481481930702
347556e4	301778	EP000169160014	EP000169160014	TBS	TBS	ADB-3469626,ADB-3469619	1481481930702
b4952444	301778	EP000174130098	EP000174130098	BET	BET	ADB-1788188,ADB-3469634,ADB-3469619,ADB-1788177	1480277996622
b4952444	301784	SH023889310000	SH023889310000	BET	BET	ADB-1788188,ADB-3469634,ADB-3469619,ADB-1788177	1480277996622
b4952444	308122	EP017031950059	EP017031950059	HGTV	HGTV	ADB-1788188,ADB-3469634,ADB-3469619,ADB-1788177	1478460797474
b4952444	301778	SH023889310000	SH023889310000	BET	BET	ADB-1788188,ADB-3469634,ADB-3469619,ADB-1788177	1478460797474
b4952444	301784	EP000174130098	EP000174130098	BET	BET	ADB-1788188,ADB-3469634,ADB-3469619,ADB-1788177	1478734919786
343506d5	301783	EP018423000373	EP018423000373	NBC	NBC	ADB-1788960,ADB-3469623,ADB-1788177,ADB-3469626,ADB-1788966,ADB-3469612,ADB-1788188,ADB-3469619,ADB-3469582,ADB-1788951,ADB-3469624,ADB-1788961,ADB-3469634,ADB-3469614	1478734919786
343506d5	301783	unknown	EP021854300007	N/A	CBS	ADB-1788960,ADB-3469623,ADB-1788177,ADB-3469626,ADB-1788966,ADB-3469612,ADB-1788188,ADB-3469619,ADB-3469582,ADB-1788951,ADB-3469624,ADB-1788961,ADB-3469634,ADB-3469614	1478470040849
37261743	301783	unknown	unknown	N/A	N/A	ADB-3469603,ADB-3469581,ADB-3469582	1478470040849
37261743	301785	unknown	unknown	N/A	N/A	ADB-3469603,ADB-3469581,ADB-3469582	1481467021271
66f334d4	308122	EP000031384601	EP000031384601	ABC	ABC	ADB-1788188,ADB-1788963	1481467021271
66f334d4	301778	EP005520800597	EP005520800597	Fox	Fox	ADB-1788188,ADB-1788963	1480558669982
66f334d4	301784	EP005455792538	EP005455792538	ABC	ABC	ADB-1788188,ADB-1788963	1480558669982
66f334d4	308122	EP005455792538	EP005455792538	ABC	ABC	ADB-1788188,ADB-1788963	1480559705102
44848546	301785	unknown	unknown	N/A	N/A	ADB-3469604,ADB-1788974	1480559705102
36234534	301778	unknown	unknown	N/A	N/A	ADB-1788188	1478184324722
2635a666	308117	EP009311820068	EP009311820068	TBS	TBS	ADB-3469625	1478184324722
2635a666	301784	EP019229360048	EP019229360048	The CW	The CW	ADB-3469625	1480456831264
2635a666	308122	EP009311820065	EP009311820065	TBS	TBS	ADB-3469625	1480456831264
355797a7	308122	EP013657560269	EP013657560269	N/A	N/A	ADB-1788188	1478483405954
355797a7	301784	EP005520800597	EP005520800597	N/A	N/A	ADB-1788188	1478483405954
355797a7	301778	EP005520800597	EP005520800597	N/A	N/A	ADB-1788188	1481543715832
355797a7	301785	EP005520800597	EP005520800597	N/A	N/A	ADB-1788188	1481543715832
355797a7	308117	EP000000351289	EP000000351289	N/A	N/A	ADB-1788188	1481543722181
56b47577	301772	unknown	EP000191483224	N/A	Turner Network TV	ADB-3469614,ADB-3469625,ADB-3469619	1481543722181
56b47577	301772	EP000191483248	unknown	Turner Network TV	N/A	ADB-3469614,ADB-3469625,ADB-3469619	1479315496276
56b47577	301772	unknown	EP000191483228	N/A	Turner Network TV	ADB-3469614,ADB-3469625,ADB-3469619	1479315496276
56b47577	301784	unknown	MV003979370000	N/A	FXX	ADB-3469614,ADB-3469625,ADB-3469619	1481246509512
a752f6d4	301778	EP021836870004	EP021836870004	NBC	NBC	ADB-1788963,ADB-1788177,ADB-1788972,ADB-1788188,ADB-1788951,ADB-1788946	1481246509512
94966626	301785	EP017392440065	EP017392440065	ABC	ABC	ADB-3469614	1478133206831
a704e543	301783	unknown	unknown	N/A	N/A	ADB-3469623,ADB-3469626,ADB-3469612,ADB-3469625,ADB-3469624,ADB-3469634,ADB-3469614	1478133206831
63979366	301778	unknown	unknown	N/A	N/A	ADB-1788963,ADB-1788966,ADB-1788188,ADB-1788946	1479505777761
262514d4	301778	EP003267331571	unknown	HGTV	N/A	ADB-1788963,ADB-1788966,ADB-1788188,ADB-1788946	1479505777761
63979366	301778	EP020361710016	unknown	ABC	N/A	ADB-1788963,ADB-1788966,ADB-1788188,ADB-1788946	1481462668533
26e45536	301772	EP019223100046	EP019223100046	CBS	CBS	ADB-3469610	1481462668533
26e45536	308122	EP006819110124	EP006819110124	USA Network	USA Network	ADB-3469610	1478905587991
26e45536	308117	EP007537910271	EP007537910271	CBS	CBS	ADB-3469610	1478905587991
26e45536	308117	EP007537910271	EP007537910271	CBS	CBS	ADB-3469610	1481389568368
26e45536	308122	EP006819110325	EP006819110325	CBS	CBS	ADB-3469610	1481389568368
569486c6	301784	EP005455792551	EP005455792551	ABC	ABC	ADB-3469604,ADB-3469626,ADB-1788966,ADB-3469619,ADB-1788951,ADB-1788961,ADB-3469634	1479356252844
a6956482	301783	unknown	unknown	N/A	N/A	ADB-1788177	1479356252844
a6956482	301783	SP003372570000	SP003372570000	Sportstime Ohio	Sportstime Ohio	ADB-1788177	1478274881453
a6956482	301783	unknown	unknown	N/A	N/A	ADB-1788177	1478274881453
a6956482	301783	unknown	MV001620960000	N/A	VH1	ADB-1788177	1479267026304
a6956482	301783	EP023730050006	EP023730050002	ESPN2	NFL Network	ADB-1788177	1479267026304
a6956482	301784	EP005520800595	EP005520800595	Fox	Fox	ADB-1788177	1479527818887
4756f755	301772	unknown	unknown	N/A	N/A	ADB-3469634,ADB-3469624	1479527818887
4756f755	301783	unknown	unknown	N/A	N/A	ADB-3469634,ADB-3469624	1481414388324
96c68754	301778	MV002349200000	MV002349200000	BET	BET	ADB-1788966	1481414388324
37379764	308117	unknown	unknown	N/A	N/A	ADB-1788177	1479245013757
a6944645	301778	unknown	unknown	N/A	N/A	ADB-1788951,ADB-1788188,ADB-1788946,ADB-1788961	1479245013757
66c44515	308122	EP024095770007	EP024095770007	Discovery Channel	Discovery Channel	ADB-1788972	1480360399858
66c44515	308122	EP014774810086	EP014774810086	AMC	AMC	ADB-1788972	1480360399858
66c44515	308122	unknown	EP019231530036	N/A	Discovery Channel	ADB-1788972	1480003958220
66c44515	308117	EP014192030114	EP014192030114	Fox	Fox	ADB-1788972	1480003958220
66c44515	308122	EP000018937474	EP000018937474	ABC	ABC	ADB-1788972	1481471087368
66c44515	308122	EP014774810086	EP014774810086	AMC	AMC	ADB-1788972	1481471087368
66c44515	308122	EP018855880034	unknown	Discovery Channel	N/A	ADB-1788972	1479766317370
53031385	301772	EP000191483231	EP000191483231	Turner Network TV	Turner Network TV	ADB-3469614	1479766317370
53031385	301772	EP000191483224	EP000191483224	Turner Network TV	Turner Network TV	ADB-3469614	1481659199308
53031385	308122	EP000191483231	unknown	Turner Network TV	N/A	ADB-3469614	1481659199308
74b54667	308117	EP007473660523	EP007473660523	ABC	ABC	ADB-1788177	1479772876411
53358743	301785	EP005520800597	EP005520800597	Fox	Fox	ADB-3469623,ADB-3469625	1479772876411
53358743	301784	EP005520800597	EP005520800597	Fox	Fox	ADB-3469623,ADB-3469625	1481214886147
53358743	308122	EP011594940460	EP011594940460	History	History	ADB-3469623,ADB-3469625	1481214886147
53358743	301778	EP005520800597	EP005520800597	Fox	Fox	ADB-3469623,ADB-3469625	1481214836929
4314c437	301772	EP005544654869	EP005544654869	Fox	Fox	ADB-1788951,ADB-1788188	1481214836929
4314c437	308117	EP019152141895	EP019152141895	NBC	NBC	ADB-1788951,ADB-1788188	1479822089175
8444b433	308122	unknown	EP000191552879	N/A	NBC	ADB-1788951,ADB-1788188	1479822089175
8444b433	308122	EP000018937485	EP000018937485	ABC	ABC	ADB-1788951,ADB-1788188	1481041886648
4314c437	308117	EP018423000366	EP018423000366	NBC	NBC	ADB-1788951,ADB-1788188	1481041886648
4314c437	308122	EP017211070524	EP017211070524	NBC	NBC	ADB-1788951,ADB-1788188	1480887763865
4314c437	301772	EP005544654869	EP005544654869	Fox	Fox	ADB-1788951,ADB-1788188	1480887763865
23041493	301772	EP000191483248	EP000191483248	Turner Network TV	Turner Network TV	ADB-3469625,ADB-1788951,ADB-1788188	1478914181673
23041493	301772	EP000191483279	EP000191483279	Turner Network TV	Turner Network TV	ADB-3469625,ADB-1788951,ADB-1788188	1478914181673
23041493	301784	EP000191483199	EP000191483199	ABC	ABC	ADB-3469625,ADB-1788951,ADB-1788188	1479496926138
23041493	301778	EP000191483199	EP000191483199	ABC	ABC	ADB-3469625,ADB-1788951,ADB-1788188	1479496926138
23041493	301778	EP000191483199	EP000191483199	ABC	ABC	ADB-3469625,ADB-1788951,ADB-1788188	1479777344708
c66446c6	301783	MV003820570000	MV003820570000	FX	FX	ADB-3469634,ADB-3469624,ADB-3469625,ADB-3469626	1479777344708
c66446c6	308117	MV001689700000	MV001689700000	Turner Network TV	Turner Network TV	ADB-3469634,ADB-3469624,ADB-3469625,ADB-3469626	1481475781116
22b486b7	301778	unknown	unknown	N/A	N/A	ADB-1788177	1481475781116
86c47396	308122	EP000018937473	EP000018937473	ABC	ABC	ADB-1788177	1480524696280
86c47396	308122	EP000018937478	EP000018937478	ABC	ABC	ADB-1788177	1480524696280
86c47396	308122	EP000018937485	EP000018937485	ABC	ABC	ADB-1788177	1481384293671
86c47396	301784	EP000018937480	EP000018937480	ABC	ABC	ADB-1788177	1481384293671
86c47396	308117	EP000018937479	EP000018937479	ABC	ABC	ADB-1788177	1481382187610
86c47396	301785	EP000018937460	EP000018937460	ABC	ABC	ADB-1788177	1481382187610
86c47396	308117	EP000018937461	EP000018937461	ABC	ABC	ADB-1788177	1481427563944
86c47396	308122	EP000018937474	EP000018937474	ABC	ABC	ADB-1788177	1481427563944
f7578506	301778	MV002001050000	EP007542310249	AMC	The CW	ADB-3469626	1480455142456
65837565	308117	EP021838640013	EP021838640013	Fox	Fox	ADB-3469626	1480455142456
65837565	301772	EP019223100046	EP019223100046	CBS	CBS	ADB-3469626	1480455756484
85a69496	308117	EP021838640013	EP021838640013	Fox	Fox	ADB-1788188,ADB-1788966,ADB-1788951	1480455756484
85a69496	301784	unknown	EP017211070532	N/A	NBC	ADB-1788188,ADB-1788966,ADB-1788951	1479957159091
85a69496	308122	EP021838640012	EP021838640012	Fox	Fox	ADB-1788188,ADB-1788966,ADB-1788951	1479957159091
85a69496	301778	EP019152141896	EP019152141896	NBC	NBC	ADB-1788188,ADB-1788966,ADB-1788951	1481463593597
85a69496	308117	EP017390480051	EP017390480051	Fox	Fox	ADB-1788188,ADB-1788966,ADB-1788951	1481463593597
85a69496	301778	EP021838110021	EP021838110021	Fox	Fox	ADB-1788188,ADB-1788966,ADB-1788951	1481412644649
85a69496	301778	EP019152141898	EP019152141898	NBC	NBC	ADB-1788188,ADB-1788966,ADB-1788951	1481412644649
85a69496	301785	EP015693720093	EP015693720093	The CW	The CW	ADB-1788188,ADB-1788966,ADB-1788951	1481340172110
85a69496	301778	EP019213280032	EP019213280032	Fox	Fox	ADB-1788188,ADB-1788966,ADB-1788951	1481340172110
85a69496	308122	EP017390480051	EP017390480051	Fox	Fox	ADB-1788188,ADB-1788966,ADB-1788951	1480524835146
85a69496	301784	unknown	unknown	N/A	N/A	ADB-1788188,ADB-1788966,ADB-1788951	1480524835146
85a69496	301778	EP021838640009	EP021838640009	Fox	Fox	ADB-1788188,ADB-1788966,ADB-1788951	1480451254260
85a69496	301784	EP019229360048	EP019229360048	The CW	The CW	ADB-1788188,ADB-1788966,ADB-1788951	1480451254260
85a69496	308122	EP019152141903	EP019152141903	NBC	NBC	ADB-1788188,ADB-1788966,ADB-1788951	1481568772542
85a69496	301778	EP015223350703	EP015223350703	NBC	NBC	ADB-1788188,ADB-1788966,ADB-1788951	1481568772542
85a69496	308122	EP017390480051	EP017390480051	Fox	Fox	ADB-1788188,ADB-1788966,ADB-1788951	1481060990609
85a69496	308122	EP019213280030	EP019213280030	Fox	Fox	ADB-1788188,ADB-1788966,ADB-1788951	1481060990609
85a69496	301784	unknown	unknown	N/A	N/A	ADB-1788188,ADB-1788966,ADB-1788951	1481059391966
85a69496	308117	EP007322830301	EP007322830301	ABC	ABC	ADB-1788188,ADB-1788966,ADB-1788951	1481059391966
85a69496	301784	EP021838110021	EP021838110021	Fox	Fox	ADB-1788188,ADB-1788966,ADB-1788951	1480352673210
85a69496	301778	EP017403980045	EP017403980045	The CW	The CW	ADB-1788188,ADB-1788966,ADB-1788951	1480352673210
85a69496	301785	EP000176170273	EP000176170273	Turner Network TV	Turner Network TV	ADB-1788188,ADB-1788966,ADB-1788951	1481235980840
85a69496	301778	EP019152141896	EP019152141896	NBC	NBC	ADB-1788188,ADB-1788966,ADB-1788951	1481235980840
85a69496	301778	EP007542310249	EP007542310249	The CW	The CW	ADB-1788188,ADB-1788966,ADB-1788951	1478718919160
85a69496	308117	EP019152141895	EP019152141895	NBC	NBC	ADB-1788188,ADB-1788966,ADB-1788951	1478718919160
85a69496	301784	EP015223350703	EP015223350703	NBC	NBC	ADB-1788188,ADB-1788966,ADB-1788951	1480217311152
85a69496	301785	unknown	unknown	N/A	N/A	ADB-1788188,ADB-1788966,ADB-1788951	1480217311152
85a69496	308122	EP009089410249	EP009089410249	Food Network	Food Network	ADB-1788188,ADB-1788966,ADB-1788951	1480809577123
46c444f3	308117	EP022099820009	EP022099820009	AMC	AMC	ADB-3469612	1480809577123
46c444f3	301784	EP007322830298	EP007322830298	ABC	ABC	ADB-3469612	1481600839023
46c444f3	301784	SH011148840000	EP000018937475	The CW	ABC	ADB-3469612	1481600839023
46c444f3	308122	EP000018937478	EP000018937478	ABC	ABC	ADB-3469612	1480435951788
46c444f3	301785	EP000018937460	EP000018937460	ABC	ABC	ADB-3469612	1480435951788
46c444f3	308122	EP000018937485	EP000018937485	ABC	ABC	ADB-3469612	1480803890606
46c444f3	308122	EP022099820009	EP022099820009	AMC	AMC	ADB-3469612	1480803890606
46c444f3	308122	EP000018937473	EP000018937473	ABC	ABC	ADB-3469612	1480432745149
56d57313	301783	EP016344350582	unknown	Fox	N/A	ADB-3469625	1480432745149
432324b4	308122	EP009311820216	EP009311820216	CBS	CBS	ADB-1788177	1479417684340
432324b4	308122	EP009311820217	EP009311820217	CBS	CBS	ADB-1788177	1479417684340
87350756	308117	EP007473660523	EP007473660523	ABC	ABC	ADB-1788963	1480473033019
87350756	301778	EP000191483199	EP000191483199	ABC	ABC	ADB-1788963	1480473033019
87350756	301778	EP000191483199	EP000191483199	ABC	ABC	ADB-1788963	1478142545420
2724b503	308122	unknown	unknown	N/A	N/A	ADB-3469623,ADB-3469626,ADB-3469612,ADB-3469625,ADB-3469624,ADB-3469634,ADB-3469614	1478142545420
2724b503	308122	unknown	unknown	N/A	N/A	ADB-3469623,ADB-3469626,ADB-3469612,ADB-3469625,ADB-3469624,ADB-3469634,ADB-3469614	1480307970581
2724b503	301778	EP023115500002	EP019218450039	Fox	ABC	ADB-3469623,ADB-3469626,ADB-3469612,ADB-3469625,ADB-3469624,ADB-3469634,ADB-3469614	1480307970581
2724b503	301778	EP005520800596	EP005520800596	Fox	Fox	ADB-3469623,ADB-3469626,ADB-3469612,ADB-3469625,ADB-3469624,ADB-3469634,ADB-3469614	1479258197159
2724b503	301783	unknown	unknown	N/A	N/A	ADB-3469623,ADB-3469626,ADB-3469612,ADB-3469625,ADB-3469624,ADB-3469634,ADB-3469614	1479258197159
f4d71367	308122	EP019152141908	EP019152141908	NBC	NBC	ADB-3469625	1480522605008
46b454e7	308117	EP007537910271	EP007537910271	CBS	CBS	ADB-1788188,ADB-1788961,ADB-1788959,ADB-1788974	1480522605008
46b454e7	301778	EP007473660528	unknown	ABC	N/A	ADB-1788188,ADB-1788961,ADB-1788959,ADB-1788974	1481059565721
6396a345	308122	EP013412100068	EP013412100068	History	History	ADB-3469605,ADB-3469623,ADB-3469610,ADB-3469626,ADB-3469612,ADB-3469625,ADB-3469624,ADB-3469634,ADB-3469614	1481059565721
6396a345	308122	EP015899250085	EP015899250085	History	History	ADB-3469605,ADB-3469623,ADB-3469610,ADB-3469626,ADB-3469612,ADB-3469625,ADB-3469624,ADB-3469634,ADB-3469614	1478404641171
9756d683	301783	unknown	unknown	N/A	N/A	ADB-3469623,ADB-3469626,ADB-3469624,ADB-3469628,ADB-3469634,ADB-3469614	1478404641171
9756d683	308117	EP007322830301	EP007322830301	ABC	ABC	ADB-3469623,ADB-3469626,ADB-3469624,ADB-3469628,ADB-3469634,ADB-3469614	1480612066203
9756d683	301783	EP021846800005	EP021846800005	ABC	ABC	ADB-3469623,ADB-3469626,ADB-3469624,ADB-3469628,ADB-3469634,ADB-3469614	1480612066203
9756d683	308122	EP021846800005	EP021846800005	ABC	ABC	ADB-3469623,ADB-3469626,ADB-3469624,ADB-3469628,ADB-3469634,ADB-3469614	1479945497621
9756d683	301785	EP005455792555	EP005455792555	ABC	ABC	ADB-3469623,ADB-3469626,ADB-3469624,ADB-3469628,ADB-3469634,ADB-3469614	1479945497621
9756d683	301783	unknown	unknown	N/A	N/A	ADB-3469623,ADB-3469626,ADB-3469624,ADB-3469628,ADB-3469634,ADB-3469614	1480474313849
9756d683	308122	EP019213280030	EP019213280030	Fox	Fox	ADB-3469623,ADB-3469626,ADB-3469624,ADB-3469628,ADB-3469634,ADB-3469614	1480474313849
9756d683	301783	EP021846800004	EP021846800004	ABC	ABC	ADB-3469623,ADB-3469626,ADB-3469624,ADB-3469628,ADB-3469634,ADB-3469614	1479526253784
362546e7	301772	EP005544654870	EP005544654870	Fox	Fox	ADB-1788188	1479526253784
362546e7	301772	EP005544654870	unknown	Fox	N/A	ADB-1788188	1479432187020
362546e7	301772	EP005544654870	EP005544654870	Fox	Fox	ADB-1788188	1479432187020
362546e7	301772	EP005544654870	EP005544654870	Fox	Fox	ADB-1788188	1479431385762
362546e7	301772	EP005544654870	EP005544654870	Fox	Fox	ADB-1788188	1479431385762
a4b34364	301778	EP019213280031	EP019213280031	Fox	Fox	ADB-1788951	1478313315020
a4b34364	301778	unknown	unknown	N/A	N/A	ADB-1788951	1478313315020
a4b34364	308122	EP019213280030	EP019213280030	Fox	Fox	ADB-1788951	1478636304430
64c6a4b5	308122	EP009089410172	EP009089410172	Food Network	Food Network	ADB-3469614	1478636304430
64c6a4b5	301778	EP019152141898	EP019152141898	NBC	NBC	ADB-3469614	1481388227988
64c6a4b5	308122	EP005544654874	EP005544654874	Fox	Fox	ADB-3469614	1481388227988
64c6a4b5	301778	unknown	unknown	N/A	N/A	ADB-3469614	1481388696450
04a57534	308117	EP009311820203	EP009311820203	CBS	CBS	ADB-3469610	1481388696450
74e38344	301778	unknown	unknown	N/A	N/A	ADB-3469623,ADB-3469612,ADB-3469625,ADB-3469624,ADB-3469634,ADB-3469614	1478816370268
74e38344	301772	EP023606650003	EP023606650003	CBS	CBS	ADB-3469623,ADB-3469612,ADB-3469625,ADB-3469624,ADB-3469634,ADB-3469614	1478816370268
74e38344	301778	MV002139720000	MV002139720000	N/A	N/A	ADB-3469623,ADB-3469612,ADB-3469625,ADB-3469624,ADB-3469634,ADB-3469614	1479134146025
74e38344	301783	unknown	unknown	N/A	N/A	ADB-3469623,ADB-3469612,ADB-3469625,ADB-3469624,ADB-3469634,ADB-3469614	1479134146025
74e38344	308122	unknown	unknown	N/A	N/A	ADB-3469623,ADB-3469612,ADB-3469625,ADB-3469624,ADB-3469634,ADB-3469614	1480483527985
74e38344	308122	EP013657560269	EP013657560269	NBC	NBC	ADB-3469623,ADB-3469612,ADB-3469625,ADB-3469624,ADB-3469634,ADB-3469614	1480483527985
74e38344	301784	unknown	unknown	N/A	N/A	ADB-3469623,ADB-3469612,ADB-3469625,ADB-3469624,ADB-3469634,ADB-3469614	1480485517551
364356e3	308117	EP000000351289	EP000000351289	CBS	CBS	ADB-1788188,ADB-1788949	1480485517551
364356e3	308122	EP000000351291	EP000000351291	CBS	CBS	ADB-1788188,ADB-1788949	1480480517226
364356e3	308122	EP018338620039	EP018338620039	E!	E!	ADB-1788188,ADB-1788949	1480480517226
364356e3	301784	EP000031384605	EP000031384605	ABC	ABC	ADB-1788188,ADB-1788949	1480794321881
9446a415	301784	EP019229360048	EP019229360048	N/A	N/A	ADB-1788188,ADB-1788977	1480794321881
9446a415	301785	unknown	unknown	N/A	N/A	ADB-1788188,ADB-1788977	1478370027009
9446a415	301778	unknown	unknown	N/A	N/A	ADB-1788188,ADB-1788977	1478370027009
9446a415	308122	unknown	EP003670780115	N/A	CBS	ADB-1788188,ADB-1788977	1480483437848
9446a415	301785	EP019952930165	EP019952930165	CBS	CBS	ADB-1788188,ADB-1788977	1480483437848
9446a415	301778	EP021862160012	EP021862160012	N/A	N/A	ADB-1788188,ADB-1788977	1480992916305
9446a415	308122	unknown	unknown	N/A	N/A	ADB-1788188,ADB-1788977	1480992916305
9446a415	301785	EP019952930165	EP019952930165	CBS	CBS	ADB-1788188,ADB-1788977	1480002628995
f522f336	308122	EP017390480051	EP017390480051	Fox	Fox	ADB-1788188,ADB-3469623,ADB-3469634	1480002628995
f522f336	301784	EP005520800597	EP005520800597	Fox	Fox	ADB-1788188,ADB-3469623,ADB-3469634	1480130216799
f522f336	301784	EP005520800595	EP005520800595	Fox	Fox	ADB-1788188,ADB-3469623,ADB-3469634	1480130216799
f522f336	301783	EP015686040097	EP015686040097	CBS	CBS	ADB-1788188,ADB-3469623,ADB-3469634	1480797888765
f522f336	308117	EP017390480051	EP017390480051	Fox	Fox	ADB-1788188,ADB-3469623,ADB-3469634	1480797888765
f522f336	301783	unknown	unknown	N/A	N/A	ADB-1788188,ADB-3469623,ADB-3469634	1481597250884
f522f336	308117	unknown	unknown	N/A	N/A	ADB-1788188,ADB-3469623,ADB-3469634	1481597250884
