TV_ID,CREATIVE_ID,PREVIOUS_CONTENT_ID,NEXT_CONTENT_ID,PREVIOUS_NETWORK_ID,NEXT_NETWORK_ID,AUDIENCES,TIMESTAMP
a2b75364,301772,EP000191483262,EP000191483262,Turner Network TV,Turner Network TV,ADB-3469623,1.47923E+12
a2b75364,301785,unknown,unknown,N/A,N/A,ADB-3469623,1.47923E+12
a2b75364,301785,unknown,unknown,N/A,N/A,ADB-3469623,1.48087E+12
a2b75364,301778,EP004971131984,EP004971131984,E!,E!,ADB-3469623,1.48087E+12
6943365,301778,EP019213280031,EP019213280031,Fox,Fox,"ADB-1788972,ADB-1788951",1.48046E+12
85533597,301778,EP019213280031,EP019213280031,Fox,Fox,"ADB-3469623,ADB-3469626,ADB-3469612,ADB-3469625,ADB-3469624,ADB-3469634,ADB-3469614,ADB-3469603",1.48046E+12
85533597,308122,unknown,unknown,N/A,N/A,"ADB-3469623,ADB-3469626,ADB-3469612,ADB-3469625,ADB-3469624,ADB-3469634,ADB-3469614,ADB-3469603",1.48046E+12
85533597,301783,unknown,EP015057881176,N/A,CBS,"ADB-3469623,ADB-3469626,ADB-3469612,ADB-3469625,ADB-3469624,ADB-3469634,ADB-3469614,ADB-3469603",1.48046E+12
85533597,308122,EP006819110325,EP006819110325,CBS,CBS,"ADB-3469623,ADB-3469626,ADB-3469612,ADB-3469625,ADB-3469624,ADB-3469634,ADB-3469614,ADB-3469603",1.48059E+12
85533597,308122,EP016118480956,EP016118480956,ABC,ABC,"ADB-3469623,ADB-3469626,ADB-3469612,ADB-3469625,ADB-3469624,ADB-3469634,ADB-3469614,ADB-3469603",1.48059E+12
85533597,308122,MV003408350000,MV003408350000,FX,FX,"ADB-3469623,ADB-3469626,ADB-3469612,ADB-3469625,ADB-3469624,ADB-3469634,ADB-3469614,ADB-3469603",1.47846E+12
85533597,301783,unknown,unknown,N/A,N/A,"ADB-3469623,ADB-3469626,ADB-3469612,ADB-3469625,ADB-3469624,ADB-3469634,ADB-3469614,ADB-3469603",1.47846E+12
85533597,308122,EP021854290023,EP021854290023,CBS,CBS,"ADB-3469623,ADB-3469626,ADB-3469612,ADB-3469625,ADB-3469624,ADB-3469634,ADB-3469614,ADB-3469603",1.48121E+12
85533597,301785,EP017392440065,EP017392440065,ABC,ABC,"ADB-3469623,ADB-3469626,ADB-3469612,ADB-3469625,ADB-3469624,ADB-3469634,ADB-3469614,ADB-3469603",1.48121E+12
85533597,308122,EP019213280031,EP019213280031,Fox,Fox,"ADB-3469623,ADB-3469626,ADB-3469612,ADB-3469625,ADB-3469624,ADB-3469634,ADB-3469614,ADB-3469603",1.48148E+12
85533597,308122,MV001263480000,MV001263480000,FX,FX,"ADB-3469623,ADB-3469626,ADB-3469612,ADB-3469625,ADB-3469624,ADB-3469634,ADB-3469614,ADB-3469603",1.48148E+12
85533597,301783,unknown,unknown,N/A,N/A,"ADB-3469623,ADB-3469626,ADB-3469612,ADB-3469625,ADB-3469624,ADB-3469634,ADB-3469614,ADB-3469603",1.48148E+12
85533597,308122,EP021854290023,EP021854290023,CBS,CBS,"ADB-3469623,ADB-3469626,ADB-3469612,ADB-3469625,ADB-3469624,ADB-3469634,ADB-3469614,ADB-3469603",1.48148E+12
85533597,308122,EP021854290023,EP021854290023,CBS,CBS,"ADB-3469623,ADB-3469626,ADB-3469612,ADB-3469625,ADB-3469624,ADB-3469634,ADB-3469614,ADB-3469603",1.47864E+12
85533597,308122,EP003169780262,EP003169780262,USA Network,USA Network,"ADB-3469623,ADB-3469626,ADB-3469612,ADB-3469625,ADB-3469624,ADB-3469634,ADB-3469614,ADB-3469603",1.47864E+12
85533597,308117,EP021838640013,EP021838640013,Fox,Fox,"ADB-3469623,ADB-3469626,ADB-3469612,ADB-3469625,ADB-3469624,ADB-3469634,ADB-3469614,ADB-3469603",1.48047E+12
64b4b474,308117,EP009311820068,EP009311820068,TBS,TBS,ADB-3469614,1.48047E+12
44c2b696,301778,EP000191483199,EP000191483199,ABC,ABC,ADB-3469603,1.48047E+12
44c2b696,308122,EP011117850362,EP011117850362,Food Network,Food Network,ADB-3469603,1.48047E+12
44c2b696,308122,EP017584510156,EP000000000000,Food Network,N/A,ADB-3469603,1.48047E+12
44c2b696,301785,EP005520800597,EP005520800597,Fox,Fox,ADB-3469603,1.48047E+12
44c2b696,301772,EP007473660526,EP000191483228,ABC,Turner Network TV,ADB-3469603,1.48047E+12
44c2b696,301778,MV000485190000,MV000613650000,BET,CMT,ADB-3469603,1.48047E+12
44c2b696,301784,EP000191483199,EP000191483199,ABC,ABC,ADB-3469603,1.48047E+12
44c2b696,301784,EP000191483199,EP000191483199,ABC,ABC,ADB-3469603,1.48047E+12
44c2b696,301784,EP011581240192,EP011581240192,ABC,ABC,ADB-3469603,1.47931E+12
44c2b696,308122,EP003670780115,EP003670780115,CBS,CBS,ADB-3469603,1.47931E+12
44c2b696,301778,EP019213280032,EP019213280032,Fox,Fox,ADB-3469603,1.47887E+12
44c2b696,308122,EP000191483231,EP000191483231,Turner Network TV,Turner Network TV,ADB-3469603,1.47887E+12
44c2b696,301772,unknown,EP000191483242,N/A,Turner Network TV,ADB-3469603,1.48036E+12
44c2b696,308122,EP019213280030,EP019213280030,Fox,Fox,ADB-3469603,1.48036E+12
44c2b696,301784,EP011581240192,EP011581240192,ABC,ABC,ADB-3469603,1.48036E+12
44c2b696,301772,EP000191483242,EP000191483242,Turner Network TV,Turner Network TV,ADB-3469603,1.48036E+12
44c2b696,301772,EP000191483231,EP000191483231,Turner Network TV,Turner Network TV,ADB-3469603,1.48046E+12
44c2b696,301778,EP000191483199,EP000191483199,ABC,ABC,ADB-3469603,1.48046E+12
44c2b696,301772,EP000191483229,EP000191483229,Turner Network TV,Turner Network TV,ADB-3469603,1.48046E+12
44c2b696,301784,MV000485190000,MV000613650000,BET,CMT,ADB-3469603,1.48046E+12
44c2b696,301772,EP000191483242,EP000191483242,Turner Network TV,Turner Network TV,ADB-3469603,1.47932E+12
a3638696,301772,EP005544654871,EP005544654871,Fox,Fox,"ADB-3469634,ADB-3469624,ADB-3469604",1.47932E+12
a3638696,301772,unknown,SH011324270000,N/A,Fox,"ADB-3469634,ADB-3469624,ADB-3469604",1.48026E+12
a3638696,301772,EP005544654871,EP005544654871,Fox,Fox,"ADB-3469634,ADB-3469624,ADB-3469604",1.48026E+12
a3638696,301772,EP005544654871,EP005544654871,Fox,Fox,"ADB-3469634,ADB-3469624,ADB-3469604",1.48095E+12
a3638696,301784,EP005520800595,EP005520800595,Fox,Fox,"ADB-3469634,ADB-3469624,ADB-3469604",1.48095E+12
a3638696,301772,EP005544654871,EP005544654871,Fox,Fox,"ADB-3469634,ADB-3469624,ADB-3469604",1.47914E+12
a3638696,308117,EP007399290331,EP007399290331,Fox,Fox,"ADB-3469634,ADB-3469624,ADB-3469604",1.47914E+12
a3638696,301778,EP005520800596,EP005520800596,Fox,Fox,"ADB-3469634,ADB-3469624,ADB-3469604",1.48043E+12
a3638696,308122,EP019213490036,EP019213490036,Fox,Fox,"ADB-3469634,ADB-3469624,ADB-3469604",1.48043E+12
768377a7,308122,EP019152141895,EP019152141895,NBC,NBC,ADB-3469614,1.48043E+12
768377a7,301778,EP019152141896,EP019152141896,NBC,NBC,ADB-3469614,1.48043E+12
768377a7,301778,EP019152141902,unknown,NBC,N/A,ADB-3469614,1.48043E+12
768377a7,301778,EP019152141896,unknown,NBC,N/A,ADB-3469614,1.48043E+12
768377a7,308122,unknown,unknown,N/A,N/A,ADB-3469614,1.48043E+12
a3337645,308122,EP010783390210,EP010783390210,HGTV,HGTV,ADB-1788188,1.48043E+12
a3337645,301784,EP021838640009,EP021838640009,Fox,Fox,ADB-1788188,1.48043E+12
a3337645,301778,EP015223350705,EP015223350705,NBC,NBC,ADB-1788188,1.48043E+12
a3337645,301784,EP021838640009,EP021838640009,Fox,Fox,ADB-1788188,1.48043E+12
a3337645,301784,EP015223350697,EP015223350697,NBC,NBC,ADB-1788188,1.48043E+12
a3337645,301778,EP015223350699,EP015223350699,NBC,NBC,ADB-1788188,1.48043E+12
a3337645,301785,EP021837240006,EP021837240006,NBC,NBC,ADB-1788188,1.48043E+12
a3337645,301778,EP015223350697,EP015223350697,NBC,NBC,ADB-1788188,1.48024E+12
a3337645,301778,EP007473660528,EP007473660528,ABC,ABC,ADB-1788188,1.48024E+12
a3337645,308117,EP021838640013,EP021838640013,Fox,Fox,ADB-1788188,1.48055E+12
a3337645,308122,EP021838640009,EP021838640009,Fox,Fox,ADB-1788188,1.48055E+12
a3337645,301772,EP019223100046,EP019223100046,CBS,CBS,ADB-1788188,1.48036E+12
a3337645,308122,EP007322830303,EP007322830303,ABC,ABC,ADB-1788188,1.48036E+12
a3337645,301784,EP021838640009,EP021838640009,Fox,Fox,ADB-1788188,1.48159E+12
a3337645,301784,EP015223350705,EP015223350705,NBC,NBC,ADB-1788188,1.48159E+12
a3337645,301784,EP015223350699,EP015223350699,NBC,NBC,ADB-1788188,1.48045E+12
e4c724f7,308122,EP009311820216,EP009311820216,CBS,CBS,"ADB-3469623,ADB-1788177,ADB-3469626,ADB-3469612,ADB-1788972,ADB-3469625,ADB-1788188,ADB-3469624,ADB-3469628,ADB-3469634,ADB-3469614",1.48045E+12
e4c724f7,301783,EP015418440677,EP000195390439,Fox,Fox Sports,"ADB-3469623,ADB-1788177,ADB-3469626,ADB-3469612,ADB-1788972,ADB-3469625,ADB-1788188,ADB-3469624,ADB-3469628,ADB-3469634,ADB-3469614",1.48138E+12
93473756,308117,EP009311820203,EP009311820203,CBS,CBS,"ADB-1788951,ADB-1788949",1.48138E+12
93473756,308122,EP009311820140,EP009311820140,TBS,TBS,"ADB-1788951,ADB-1788949",1.48105E+12
94f764c5,301772,EP000191483228,EP000191483228,Turner Network TV,Turner Network TV,"ADB-1788951,ADB-1788188",1.48105E+12
46359476,301778,unknown,unknown,N/A,N/A,ADB-3469628,1.47975E+12
46359476,308122,EP019213280030,EP019213280030,N/A,N/A,ADB-3469628,1.47975E+12
46359476,301784,unknown,unknown,N/A,N/A,ADB-3469628,1.47841E+12
46359476,301778,EP019213280031,EP019213280031,N/A,N/A,ADB-3469628,1.47841E+12
a6b45503,301772,unknown,EP000191483228,N/A,Turner Network TV,ADB-1788177,1.48096E+12
a6b45503,301772,EP000191483228,EP000195595547,Turner Network TV,NBCSN,ADB-1788177,1.48096E+12
a6b45503,301783,SH000199170000,unknown,ESPN,N/A,ADB-1788177,1.48045E+12
a6b45503,301783,EP000195595527,EP000195595548,USA Network,NBCSN,ADB-1788177,1.48045E+12
a6b45503,308122,EP006819110124,EP006819110124,USA Network,USA Network,ADB-1788177,1.47967E+12
34d32427,308117,EP017899670105,EP017899670105,Food Network,Food Network,ADB-1788188,1.47967E+12
34d32427,308122,EP017899670105,EP017899670105,Food Network,Food Network,ADB-1788188,1.48E+12
66a61586,301783,unknown,unknown,N/A,N/A,"ADB-1788188,ADB-1788966,ADB-1788951",1.48E+12
66a61586,301783,MV001762310000,MV001762310000,CMT,CMT,"ADB-1788188,ADB-1788966,ADB-1788951",1.47967E+12
66a61586,301783,unknown,unknown,N/A,N/A,"ADB-1788188,ADB-1788966,ADB-1788951",1.47967E+12
66a61586,308122,EP009311820217,EP009311820217,CBS,CBS,"ADB-1788188,ADB-1788966,ADB-1788951",1.47979E+12
66a61586,301783,MV000369880000,MV000369880000,CMT,CMT,"ADB-1788188,ADB-1788966,ADB-1788951",1.47979E+12
66a61586,301778,EP010783390211,EP010783390211,HGTV,HGTV,"ADB-1788188,ADB-1788966,ADB-1788951",1.48045E+12
66a61586,301783,unknown,unknown,N/A,N/A,"ADB-1788188,ADB-1788966,ADB-1788951",1.48045E+12
66a61586,308122,EP009311820033,EP009311820033,TBS,TBS,"ADB-1788188,ADB-1788966,ADB-1788951",1.47994E+12
66a61586,308122,EP017211070520,EP017211070520,NBC,NBC,"ADB-1788188,ADB-1788966,ADB-1788951",1.47994E+12
66a61586,301783,unknown,unknown,N/A,N/A,"ADB-1788188,ADB-1788966,ADB-1788951",1.4802E+12
66a61586,301783,EP020674310014,EP020674310014,NBC,NBC,"ADB-1788188,ADB-1788966,ADB-1788951",1.4802E+12
66a61586,301778,EP009311820035,EP009311820035,TBS,TBS,"ADB-1788188,ADB-1788966,ADB-1788951",1.47957E+12
66a61586,301783,EP013657560267,EP013657560267,NBC,NBC,"ADB-1788188,ADB-1788966,ADB-1788951",1.47957E+12
66a61586,301778,EP009311820100,EP009311820100,TBS,TBS,"ADB-1788188,ADB-1788966,ADB-1788951",1.48167E+12
66a61586,301783,EP014195810042,EP014195810042,CMT,CMT,"ADB-1788188,ADB-1788966,ADB-1788951",1.48167E+12
66a61586,301783,EP014195810048,EP014195810048,CMT,CMT,"ADB-1788188,ADB-1788966,ADB-1788951",1.47908E+12
b65312f5,301784,unknown,unknown,N/A,N/A,ADB-1788188,1.47908E+12
b65312f5,301778,unknown,unknown,N/A,N/A,ADB-1788188,1.48035E+12
5514e5a5,301783,unknown,unknown,N/A,N/A,ADB-1788188,1.48035E+12
5514e5a5,301778,unknown,EP000037101002,N/A,NBC,ADB-1788188,1.47967E+12
5514e5a5,301783,unknown,EP000037101002,N/A,NBC,ADB-1788188,1.47967E+12
5514e5a5,308122,EP017219650043,EP017219650043,Discovery Channel,Discovery Channel,ADB-1788188,1.48098E+12
5514e5a5,308122,EP015040440075,EP015040440075,Discovery Channel,Discovery Channel,ADB-1788188,1.48098E+12
5514e5a5,308122,EP015040440075,EP015040440075,Discovery Channel,Discovery Channel,ADB-1788188,1.47951E+12
33645466,301784,EP015223350705,EP015223350705,NBC,NBC,ADB-1788177,1.47951E+12
33645466,301784,EP013657560264,EP013657560264,NBC,NBC,ADB-1788177,1.48047E+12
33645466,301778,EP015223350705,EP015223350705,NBC,NBC,ADB-1788177,1.48047E+12
33645466,308117,EP013657560268,EP013657560268,NBC,NBC,ADB-1788177,1.48159E+12
33645466,301778,EP010364780118,EP013657560270,Fox News,NBC,ADB-1788177,1.48159E+12
33645466,308117,EP017386900065,EP017386900065,NBC,NBC,ADB-1788177,1.48045E+12
6554f614,301784,EP019152141849,EP019152141849,NBC,NBC,"ADB-1788188,ADB-1788966",1.48045E+12
6554f614,308122,EP013657560269,EP013657560269,NBC,NBC,"ADB-1788188,ADB-1788966",1.47846E+12
6554f614,308122,EP019152141911,unknown,NBC,N/A,"ADB-1788188,ADB-1788966",1.47846E+12
6554f614,308117,EP000018937461,EP000018937461,ABC,ABC,"ADB-1788188,ADB-1788966",1.47847E+12
6554f614,308122,unknown,EP019062760129,N/A,CBS,"ADB-1788188,ADB-1788966",1.47847E+12
6554f614,308122,EP017211070524,EP017211070524,NBC,NBC,"ADB-1788188,ADB-1788966",1.47931E+12
74670394,301785,EP019152141904,EP019152141904,NBC,NBC,ADB-1788951,1.47931E+12
74670394,301778,EP019152141902,EP019152141902,NBC,NBC,ADB-1788951,1.48109E+12
f3254783,301778,EP013657560270,EP013657560270,NBC,NBC,ADB-1788177,1.48109E+12
f3254783,308122,EP017386900066,EP017386900066,NBC,NBC,ADB-1788177,1.48128E+12
f3254783,301778,EP017386900066,EP017386900066,NBC,NBC,ADB-1788177,1.48128E+12
f3254783,308117,EP013657560268,EP013657560268,NBC,NBC,ADB-1788177,1.48035E+12
b6574466,301778,unknown,unknown,N/A,N/A,ADB-1788188,1.48035E+12
b6574466,301778,EP003267331571,EP003267331571,HGTV,HGTV,ADB-1788188,1.48139E+12
b6574466,301784,unknown,MV003324470000,N/A,Lifetime Movie Network,ADB-1788188,1.48139E+12
b6574466,308122,EP018338620039,EP018338620039,E!,E!,ADB-1788188,1.48167E+12
b6574466,301778,unknown,MV003324470000,N/A,Lifetime Movie Network,ADB-1788188,1.48167E+12
b6574466,301784,EP004971131988,EP004971131988,E!,E!,ADB-1788188,1.48104E+12
b6574466,308122,EP020820940008,EP020820940008,HGTV,HGTV,ADB-1788188,1.48104E+12
04a71777,301784,EP011594940238,EP011594940238,History,History,ADB-1788188,1.48036E+12
04a71777,301785,EP011594940275,EP011594940275,History,History,ADB-1788188,1.48036E+12
4547a663,301778,MV002725490000,MV002725490000,FX,FX,ADB-3469610,1.4788E+12
4547a663,308122,MV002725490000,MV002725490000,FX,FX,ADB-3469610,1.4788E+12
37457304,301783,unknown,unknown,N/A,N/A,ADB-1788188,1.47907E+12
37457304,308117,EP012124070081,EP012124070081,History,History,ADB-1788188,1.47907E+12
37457304,301778,EP015223350696,EP015223350696,NBC,NBC,ADB-1788188,1.47882E+12
37457304,308122,EP015899250023,EP015899250023,History,History,ADB-1788188,1.47882E+12
37457304,308122,unknown,unknown,N/A,N/A,ADB-1788188,1.48112E+12
37457304,308122,unknown,unknown,N/A,N/A,ADB-1788188,1.48112E+12
37457304,301784,EP015223350696,EP015223350696,NBC,NBC,ADB-1788188,1.48046E+12
37457304,301784,EP012124070013,EP012124070013,History,History,ADB-1788188,1.48046E+12
37457304,301783,EP019223320046,EP019223320046,CBS,CBS,ADB-1788188,1.48052E+12
27559726,301778,EP021861420012,EP021861420012,The CW,The CW,"ADB-1788188,ADB-1788963",1.48052E+12
27559726,308117,EP014194780116,EP014194780116,N/A,N/A,"ADB-1788188,ADB-1788963",1.47827E+12
27559726,308122,EP000018937478,EP000018937478,N/A,N/A,"ADB-1788188,ADB-1788963",1.47827E+12
23931636,301784,EP011581240192,EP019218450045,ABC,ABC,"ADB-1788188,ADB-1788966",1.48048E+12
23931636,301772,EP000191483228,EP000191483228,Turner Network TV,Turner Network TV,"ADB-1788188,ADB-1788966",1.48048E+12
23931636,301772,EP000191483228,EP000191483228,Turner Network TV,Turner Network TV,"ADB-1788188,ADB-1788966",1.48048E+12
e386e6e5,308122,EP023803580003,EP023803580003,Velocity,Velocity,"ADB-3469623,ADB-3469626,ADB-3469612,ADB-3469625,ADB-3469624,ADB-3469634,ADB-3469614",1.48048E+12
e386e6e5,308117,EP023803580002,EP023803580002,Velocity,Velocity,"ADB-3469623,ADB-3469626,ADB-3469612,ADB-3469625,ADB-3469624,ADB-3469634,ADB-3469614",1.48048E+12
b4763772,308122,EP007322830303,EP007322830303,ABC,ABC,ADB-3469628,1.48048E+12
b4763772,308122,EP007322830303,EP007322830303,ABC,ABC,ADB-3469628,1.48048E+12
85573424,301785,EP019152141904,EP019152141904,NBC,NBC,ADB-3469623,1.48048E+12
85573424,308122,EP019152141911,unknown,NBC,N/A,ADB-3469623,1.48047E+12
85573424,301778,MV003408350000,MV003408350000,FX,FX,ADB-3469623,1.48047E+12
85573424,308122,EP009311820216,EP009311820216,CBS,CBS,ADB-3469623,1.48047E+12
85573424,301778,EP019152141851,unknown,NBC,N/A,ADB-3469623,1.48047E+12
85573424,308122,MV003576810000,MV003576810000,N/A,N/A,ADB-3469623,1.47954E+12
85573424,308122,EP019152141908,EP019152141908,NBC,NBC,ADB-3469623,1.47954E+12
85573424,301778,EP019152141896,EP019152141896,NBC,NBC,ADB-3469623,1.48165E+12
85573424,301778,EP019152141898,unknown,NBC,N/A,ADB-3469623,1.48165E+12
85573424,308122,EP010783390210,EP010783390210,HGTV,HGTV,ADB-3469623,1.4789E+12
94870334,301778,EP016164380038,EP016164380038,A&E,A&E,"ADB-3469623,ADB-3469626,ADB-3469612,ADB-3469625,ADB-3469624,ADB-3469634,ADB-3469614",1.4789E+12
94870334,301784,EP000018937475,EP000018937475,ABC,ABC,"ADB-3469623,ADB-3469626,ADB-3469612,ADB-3469625,ADB-3469624,ADB-3469634,ADB-3469614",1.4814E+12
94870334,308122,EP016164380039,EP016164380039,A&E,A&E,"ADB-3469623,ADB-3469626,ADB-3469612,ADB-3469625,ADB-3469624,ADB-3469634,ADB-3469614",1.4814E+12
94870334,301783,unknown,unknown,N/A,N/A,"ADB-3469623,ADB-3469626,ADB-3469612,ADB-3469625,ADB-3469624,ADB-3469634,ADB-3469614",1.4814E+12
958486a5,308117,EP014194780116,EP014194780116,ABC,ABC,"ADB-3469628,ADB-1788951,ADB-1788188",1.4814E+12
958486a5,301772,EP005544654874,EP005544654874,Fox,Fox,"ADB-3469628,ADB-1788951,ADB-1788188",1.48045E+12
958486a5,301778,unknown,unknown,N/A,N/A,"ADB-3469628,ADB-1788951,ADB-1788188",1.48045E+12
87855674,308117,EP007399290331,EP007399290331,Fox,Fox,"ADB-3469634,ADB-3469619",1.48045E+12
87855674,301783,unknown,EP023073620287,N/A,MSNBC,"ADB-3469634,ADB-3469619",1.48045E+12
87855674,301784,EP013657560264,EP013657560264,NBC,NBC,"ADB-3469634,ADB-3469619",1.48125E+12
87855674,308122,EP003670780115,EP003670780115,CBS,CBS,"ADB-3469634,ADB-3469619",1.48125E+12
87855674,308117,unknown,unknown,N/A,N/A,"ADB-3469634,ADB-3469619",1.48087E+12
87855674,308117,EP000018937479,SH024105120000,ABC,The CW,"ADB-3469634,ADB-3469619",1.48087E+12
87855674,308117,EP007322830301,EP007322830301,ABC,ABC,"ADB-3469634,ADB-3469619",1.48045E+12
87855674,308122,unknown,unknown,N/A,N/A,"ADB-3469634,ADB-3469619",1.48045E+12
17374425,308122,EP019152141897,unknown,NBC,N/A,ADB-1788177,1.47848E+12
17374425,308122,EP019152141894,EP019152141894,NBC,NBC,ADB-1788177,1.47848E+12
17374425,301784,EP019152141850,EP019152141850,NBC,NBC,ADB-1788177,1.48057E+12
17374425,308122,EP019152141903,EP019152141903,NBC,NBC,ADB-1788177,1.48057E+12
17374425,308122,EP017386900066,EP017386900066,NBC,NBC,ADB-1788177,1.48072E+12
6.56E+12,301784,EP011581240192,EP011581240192,ABC,ABC,"ADB-1788951,ADB-1788972",1.48072E+12
6.56E+12,308117,EP007322830301,EP007322830301,ABC,ABC,"ADB-1788951,ADB-1788972",1.48034E+12
6.56E+12,308117,EP007473660523,EP007473660523,ABC,ABC,"ADB-1788951,ADB-1788972",1.48034E+12
6.56E+12,301778,EP015683360083,EP015683360083,ABC,ABC,"ADB-1788951,ADB-1788972",1.48127E+12
6.56E+12,308122,EP000018937474,EP000018937474,ABC,ABC,"ADB-1788951,ADB-1788972",1.48127E+12
6.56E+12,308117,EP017396170067,EP017396170067,ABC,ABC,"ADB-1788951,ADB-1788972",1.47852E+12
6.56E+12,308122,EP007473660528,EP007473660528,ABC,ABC,"ADB-1788951,ADB-1788972",1.47852E+12
55449334,308122,SH008776990000,unknown,ABC,N/A,ADB-1788177,1.48099E+12
55449334,301783,EP000018937462,unknown,ABC,N/A,ADB-1788177,1.48099E+12
55449334,308117,EP007473660523,EP007473660523,ABC,ABC,ADB-1788177,1.48046E+12
1674a427,301784,EP019152141850,EP019152141850,NBC,NBC,"ADB-3469623,ADB-3469612,ADB-3469624,ADB-3469634,ADB-3469614",1.48046E+12
1674a427,308122,MV002527570000,MV002527570000,TBS,TBS,"ADB-3469623,ADB-3469612,ADB-3469624,ADB-3469634,ADB-3469614",1.48149E+12
1674a427,308122,EP000037101008,EP000037101008,NBC,NBC,"ADB-3469623,ADB-3469612,ADB-3469624,ADB-3469634,ADB-3469614",1.48149E+12
1674a427,308122,MV000343450000,MV000343450000,TBS,TBS,"ADB-3469623,ADB-3469612,ADB-3469624,ADB-3469634,ADB-3469614",1.48166E+12
1674a427,301784,EP013657560264,EP013657560264,NBC,NBC,"ADB-3469623,ADB-3469612,ADB-3469624,ADB-3469634,ADB-3469614",1.48166E+12
1674a427,301778,EP015223350703,EP015223350703,NBC,NBC,"ADB-3469623,ADB-3469612,ADB-3469624,ADB-3469634,ADB-3469614",1.48022E+12
1674a427,301772,EP000191483256,EP000191483256,Turner Network TV,Turner Network TV,"ADB-3469623,ADB-3469612,ADB-3469624,ADB-3469634,ADB-3469614",1.48022E+12
1674a427,308122,EP019152141897,EP019152141897,NBC,NBC,"ADB-3469623,ADB-3469612,ADB-3469624,ADB-3469634,ADB-3469614",1.48048E+12
1674a427,308122,EP019152141894,unknown,NBC,N/A,"ADB-3469623,ADB-3469612,ADB-3469624,ADB-3469634,ADB-3469614",1.48048E+12
1674a427,308122,EP019152141911,unknown,NBC,N/A,"ADB-3469623,ADB-3469612,ADB-3469624,ADB-3469634,ADB-3469614",1.48048E+12
1674a427,308122,MV003904130000,EP013600540121,Spike TV,HGTV,"ADB-3469623,ADB-3469612,ADB-3469624,ADB-3469634,ADB-3469614",1.48048E+12
1674a427,301778,EP019152141911,EP019152141911,NBC,NBC,"ADB-3469623,ADB-3469612,ADB-3469624,ADB-3469634,ADB-3469614",1.48048E+12
1674a427,301785,EP019152141904,EP019152141904,NBC,NBC,"ADB-3469623,ADB-3469612,ADB-3469624,ADB-3469634,ADB-3469614",1.48048E+12
1674a427,301778,EP019229050043,EP019229050043,The CW,The CW,"ADB-3469623,ADB-3469612,ADB-3469624,ADB-3469634,ADB-3469614",1.4814E+12
1674a427,308122,EP010783390210,EP010783390210,HGTV,HGTV,"ADB-3469623,ADB-3469612,ADB-3469624,ADB-3469634,ADB-3469614",1.4814E+12
32f4c537,301778,EP000191483269,EP000191483269,ABC,ABC,"ADB-1788188,ADB-1788961,ADB-3469619,ADB-3469634",1.4808E+12
32f4c537,301778,EP014192030060,EP014192030060,Fox,Fox,"ADB-1788188,ADB-1788961,ADB-3469619,ADB-3469634",1.4808E+12
32f4c537,301778,EP000191483269,EP000191483269,ABC,ABC,"ADB-1788188,ADB-1788961,ADB-3469619,ADB-3469634",1.47986E+12
32f4c537,301778,EP000191483269,MV000252700000,ABC,Comedy Central,"ADB-1788188,ADB-1788961,ADB-3469619,ADB-3469634",1.47986E+12
32f4c537,301784,EP000191483269,EP000191483269,ABC,ABC,"ADB-1788188,ADB-1788961,ADB-3469619,ADB-3469634",1.48053E+12
32f4c537,301784,EP000191483269,EP000191483269,ABC,ABC,"ADB-1788188,ADB-1788961,ADB-3469619,ADB-3469634",1.48053E+12
32f4c537,301783,EP021836650025,EP021836650025,Fox,Fox,"ADB-1788188,ADB-1788961,ADB-3469619,ADB-3469634",1.48037E+12
13865527,301772,unknown,unknown,N/A,N/A,"ADB-3469634,ADB-3469623,ADB-1788188,ADB-1788946",1.48037E+12
76e52357,308122,EP019213280030,EP019213280030,Fox,Fox,ADB-1788188,1.47959E+12
76e52357,308122,EP019213280030,EP019213280030,Fox,Fox,ADB-1788188,1.47959E+12
76e52357,301778,unknown,unknown,N/A,N/A,ADB-1788188,1.48049E+12
76e52357,301772,EP011594940449,EP011594940449,History,History,ADB-1788188,1.48049E+12
76e52357,301772,EP011594940449,EP011594940449,History,History,ADB-1788188,1.48156E+12
76e52357,301778,unknown,unknown,N/A,N/A,ADB-1788188,1.48156E+12
76e52357,301772,unknown,unknown,N/A,N/A,ADB-1788188,1.48144E+12
76e52357,301778,unknown,unknown,N/A,N/A,ADB-1788188,1.48144E+12
a726e6d6,308117,unknown,unknown,N/A,N/A,"ADB-3469623,ADB-3469626,ADB-3469625,ADB-3469624,ADB-3469634",1.48115E+12
a726e6d6,301784,EP019229360048,EP019229360048,The CW,The CW,"ADB-3469623,ADB-3469626,ADB-3469625,ADB-3469624,ADB-3469634",1.48115E+12
a726e6d6,308122,EP019229730032,EP019229730032,The CW,The CW,"ADB-3469623,ADB-3469626,ADB-3469625,ADB-3469624,ADB-3469634",1.48037E+12
a726e6d6,301783,unknown,unknown,N/A,N/A,"ADB-3469623,ADB-3469626,ADB-3469625,ADB-3469624,ADB-3469634",1.48037E+12
a726e6d6,301784,EP013657560264,EP013657560264,NBC,NBC,"ADB-3469623,ADB-3469626,ADB-3469625,ADB-3469624,ADB-3469634",1.48048E+12
a726e6d6,308122,EP014194780118,EP014194780118,ABC,ABC,"ADB-3469623,ADB-3469626,ADB-3469625,ADB-3469624,ADB-3469634",1.48048E+12
a726e6d6,301784,EP000191483269,unknown,ABC,N/A,"ADB-3469623,ADB-3469626,ADB-3469625,ADB-3469624,ADB-3469634",1.48049E+12
a726e6d6,301784,EP019229360048,EP019229360048,The CW,The CW,"ADB-3469623,ADB-3469626,ADB-3469625,ADB-3469624,ADB-3469634",1.48049E+12
a726e6d6,308122,unknown,EP015683360085,N/A,ABC,"ADB-3469623,ADB-3469626,ADB-3469625,ADB-3469624,ADB-3469634",1.48036E+12
a726e6d6,308122,EP021686530017,EP021686530017,N/A,N/A,"ADB-3469623,ADB-3469626,ADB-3469625,ADB-3469624,ADB-3469634",1.48036E+12
a726e6d6,308122,EP011117850362,EP011117850362,Food Network,Food Network,"ADB-3469623,ADB-3469626,ADB-3469625,ADB-3469624,ADB-3469634",1.48045E+12
a726e6d6,301784,EP021838110021,EP021838110021,Fox,Fox,"ADB-3469623,ADB-3469626,ADB-3469625,ADB-3469624,ADB-3469634",1.48045E+12
a726e6d6,308122,unknown,SH004483290000,N/A,CBS,"ADB-3469623,ADB-3469626,ADB-3469625,ADB-3469624,ADB-3469634",1.4814E+12
a726e6d6,301778,EP021838110021,EP021838110021,Fox,Fox,"ADB-3469623,ADB-3469626,ADB-3469625,ADB-3469624,ADB-3469634",1.4814E+12
a726e6d6,308122,unknown,unknown,N/A,N/A,"ADB-3469623,ADB-3469626,ADB-3469625,ADB-3469624,ADB-3469634",1.48141E+12
a726e6d6,308117,EP014194780116,EP014194780116,ABC,ABC,"ADB-3469623,ADB-3469626,ADB-3469625,ADB-3469624,ADB-3469634",1.48141E+12
a726e6d6,308117,MV001969190000,unknown,Universal,N/A,"ADB-3469623,ADB-3469626,ADB-3469625,ADB-3469624,ADB-3469634",1.48051E+12
a726e6d6,308117,EP023803580002,EP023803580002,Velocity,Velocity,"ADB-3469623,ADB-3469626,ADB-3469625,ADB-3469624,ADB-3469634",1.48051E+12
55458414,301785,MV004522740000,MV004522740000,FX,FX,"ADB-1788188,ADB-3469610",1.479E+12
b2b58775,308122,EP000000351290,EP000000351290,CBS,CBS,"ADB-3469623,ADB-3469626,ADB-3469612,ADB-3469582,ADB-3469624,ADB-3469634,ADB-3469614",1.479E+12
d6677667,301784,unknown,unknown,N/A,N/A,"ADB-3469623,ADB-3469610,ADB-3469626,ADB-3469612,ADB-3469625,ADB-3469624,ADB-3469634,ADB-3469614",1.4797E+12
d6677667,301784,unknown,unknown,N/A,N/A,"ADB-3469623,ADB-3469610,ADB-3469626,ADB-3469612,ADB-3469625,ADB-3469624,ADB-3469634,ADB-3469614",1.4797E+12
d6677667,301784,unknown,unknown,N/A,N/A,"ADB-3469623,ADB-3469610,ADB-3469626,ADB-3469612,ADB-3469625,ADB-3469624,ADB-3469634,ADB-3469614",1.48047E+12
349464d6,301785,EP005520800597,EP005520800597,Fox,Fox,"ADB-1788961,ADB-1788177",1.48047E+12
349464d6,308122,EP003169780261,unknown,ION,N/A,"ADB-1788961,ADB-1788177",1.48047E+12
349464d6,301778,EP005520800597,EP014865730070,Fox,Lifetime,"ADB-1788961,ADB-1788177",1.48047E+12
17564593,301784,MV002092330000,MV002092330000,E!,E!,"ADB-3469623,ADB-1788949,ADB-3469626,ADB-3469612,ADB-3469625,ADB-3469624,ADB-3469634,ADB-3469614",1.48167E+12
74b4e504,308122,EP017031950059,EP017031950059,HGTV,HGTV,ADB-1788963,1.48167E+12
1335a323,301778,EP005520800596,EP005520800596,Fox,Fox,ADB-3469628,1.47941E+12
1335a323,308122,unknown,EP024095770010,N/A,Discovery Channel,ADB-3469628,1.47941E+12
1335a323,301778,EP013657560270,EP016164380039,NBC,A&E,ADB-3469628,1.48142E+12
1335a323,308122,MV002799110000,MV002799110000,Turner Network TV,Turner Network TV,ADB-3469628,1.48142E+12
1335a323,308117,EP018567190042,EP018567190042,N/A,N/A,ADB-3469628,1.47853E+12
1335a323,301783,EP005520800597,EP005520800597,Fox,Fox,ADB-3469628,1.47853E+12
1335a323,301778,EP005520800597,EP005520800597,Fox,Fox,ADB-3469628,1.48132E+12
1335a323,301778,EP015683360083,unknown,ABC,N/A,ADB-3469628,1.48132E+12
1335a323,301778,EP016164380039,EP016164380039,A&E,A&E,ADB-3469628,1.47954E+12
1335a323,308117,EP013657560268,EP013657560268,NBC,NBC,ADB-3469628,1.47954E+12
1335a323,301783,EP013657560270,EP013657560270,NBC,NBC,ADB-3469628,1.47847E+12
1335a323,301783,unknown,unknown,N/A,N/A,ADB-3469628,1.47847E+12
1335a323,301778,EP010783390210,EP016164380038,HGTV,A&E,ADB-3469628,1.47828E+12
1335a323,301778,unknown,EP005366290058,N/A,Food Network,ADB-3469628,1.47828E+12
1335a323,308122,MV004596780000,MV004596780000,Turner Network TV,Turner Network TV,ADB-3469628,1.48079E+12
1335a323,308117,EP015679150090,EP015679150090,NBC,NBC,ADB-3469628,1.48079E+12
1335a323,301783,MV002799110000,MV002799110000,Turner Network TV,Turner Network TV,ADB-3469628,1.48043E+12
1335a323,301783,EP021835930015,EP021835930015,NBC,NBC,ADB-3469628,1.48043E+12
1335a323,301783,unknown,unknown,N/A,N/A,ADB-3469628,1.48068E+12
1335a323,301783,unknown,unknown,N/A,N/A,ADB-3469628,1.48068E+12
1335a323,301784,EP005520800597,EP005520800597,Fox,Fox,ADB-3469628,1.48123E+12
1335a323,301784,EP015223350696,EP015223350696,NBC,NBC,ADB-3469628,1.48123E+12
1335a323,308117,EP011581190168,unknown,ABC,N/A,ADB-3469628,1.48152E+12
1335a323,301783,EP018855880023,EP018855880023,Discovery Channel,Discovery Channel,ADB-3469628,1.48152E+12
1335a323,301778,unknown,unknown,N/A,N/A,ADB-3469628,1.48046E+12
1335a323,301785,EP005520800597,EP005520800597,Fox,Fox,ADB-3469628,1.48046E+12
1335a323,301778,EP015223350696,EP015223350696,NBC,NBC,ADB-3469628,1.48046E+12
8346f354,301783,EP021834570010,EP021834570010,NBC,NBC,ADB-1788177,1.48046E+12
8346f354,301783,unknown,EP006724493347,N/A,CBS,ADB-1788177,1.48047E+12
8346f354,301783,EP000047622929,unknown,ABC,N/A,ADB-1788177,1.48047E+12
8346f354,308122,EP009311820216,EP009311820216,CBS,CBS,ADB-1788177,1.48081E+12
8346f354,308122,MV003576810000,MV003576810000,N/A,N/A,ADB-1788177,1.48081E+12
8346f354,308122,EP009311820217,EP009311820217,CBS,CBS,ADB-1788177,1.48064E+12
8346f354,301783,unknown,unknown,N/A,N/A,ADB-1788177,1.48064E+12
8346f354,301783,unknown,unknown,N/A,N/A,ADB-1788177,1.47899E+12
46164592,308122,MV000343450000,MV000343450000,TBS,TBS,ADB-1788188,1.47899E+12
46164592,301784,EP005520800597,EP005520800597,Fox,Fox,ADB-1788188,1.4788E+12
46164592,308122,unknown,MV000777680000,N/A,E!,ADB-1788188,1.4788E+12
46164592,301784,EP005520800597,EP005520800597,Fox,Fox,ADB-1788188,1.47822E+12
46164592,301778,EP005520800597,EP005520800597,Fox,Fox,ADB-1788188,1.47822E+12
46164592,301783,unknown,EP005927330072,N/A,The CW,ADB-1788188,1.48069E+12
46164592,301785,EP005520800597,EP005520800597,Fox,Fox,ADB-1788188,1.48069E+12
46164592,308122,EP012124070044,EP012124070044,History,History,ADB-1788188,1.4793E+12
d714a4b6,301784,unknown,EP001887075578,N/A,NBC,"ADB-3469614,ADB-3469626",1.4793E+12
d714a4b6,301784,unknown,unknown,N/A,N/A,"ADB-3469614,ADB-3469626",1.4793E+12
1364b304,308122,unknown,EP000186930497,N/A,Fox,ADB-1788188,1.4793E+12
1364b304,301778,EP009311820100,unknown,TBS,N/A,ADB-1788188,1.48109E+12
1364b304,301778,unknown,unknown,N/A,N/A,ADB-1788188,1.48109E+12
1364b304,308122,unknown,unknown,N/A,N/A,ADB-1788188,1.48064E+12
1364b304,301778,EP019213280032,EP019213280032,Fox,Fox,ADB-1788188,1.48064E+12
1364b304,301778,unknown,unknown,N/A,N/A,ADB-1788188,1.48047E+12
1364b304,301778,EP021861420012,EP021861420012,N/A,N/A,ADB-1788188,1.48047E+12
1364b304,308122,SH023719960000,unknown,MTV - Music Television,N/A,ADB-1788188,1.48148E+12
1364b304,301778,EP017403980045,EP017403980045,N/A,N/A,ADB-1788188,1.48148E+12
a5671364,301778,EP013657560270,EP013657560270,NBC,NBC,"ADB-3469614,ADB-3469628,ADB-3469611",1.48037E+12
a5671364,301784,EP005520800597,EP005520800597,Fox,Fox,"ADB-3469614,ADB-3469628,ADB-3469611",1.48037E+12
a5671364,301772,EP005544654874,EP005544654874,Fox,Fox,"ADB-3469614,ADB-3469628,ADB-3469611",1.47966E+12
a5671364,301784,EP005520800597,EP005520800597,Fox,Fox,"ADB-3469614,ADB-3469628,ADB-3469611",1.47966E+12
a5671364,301778,EP005520800597,EP005520800597,Fox,Fox,"ADB-3469614,ADB-3469628,ADB-3469611",1.47849E+12
a5671364,301783,SH015352890000,SH015352890000,Fox,Fox,"ADB-3469614,ADB-3469628,ADB-3469611",1.47849E+12
a5671364,301785,EP005520800597,EP005520800597,Fox,Fox,"ADB-3469614,ADB-3469628,ADB-3469611",1.48122E+12
a5671364,301784,EP005520800595,EP005520800595,Fox,Fox,"ADB-3469614,ADB-3469628,ADB-3469611",1.48122E+12
a5671364,301772,EP005544654874,EP005544654874,Fox,Fox,"ADB-3469614,ADB-3469628,ADB-3469611",1.47958E+12
a5671364,301772,EP005544654874,EP005544654874,Fox,Fox,"ADB-3469614,ADB-3469628,ADB-3469611",1.47958E+12
a5671364,301772,EP005544654874,EP005544654874,Fox,Fox,"ADB-3469614,ADB-3469628,ADB-3469611",1.48098E+12
a7251526,301772,EP000191483242,EP000191483242,Turner Network TV,Turner Network TV,ADB-1788177,1.48098E+12
a7251526,301772,EP000191483229,EP000191483229,Turner Network TV,Turner Network TV,ADB-1788177,1.48099E+12
a7251526,301783,SH008771340000,unknown,ABC,N/A,ADB-1788177,1.48099E+12
a7251526,301783,unknown,unknown,N/A,N/A,ADB-1788177,1.48149E+12
a7251526,301772,EP000191483242,EP000191483242,Turner Network TV,Turner Network TV,ADB-1788177,1.48149E+12
a7251526,301772,EP000191483229,EP000191483229,Turner Network TV,Turner Network TV,ADB-1788177,1.48134E+12
a7251526,308117,unknown,unknown,N/A,N/A,ADB-1788177,1.48134E+12
a7251526,301783,unknown,EP015697660071,N/A,VH1,ADB-1788177,1.47879E+12
a7251526,301772,EP000191483224,EP000191483224,Turner Network TV,Turner Network TV,ADB-1788177,1.47879E+12
a7251526,301772,EP000191483224,EP000191483224,Turner Network TV,Turner Network TV,ADB-1788177,1.47884E+12
a7251526,301778,EP019213280032,EP019213280032,Fox,Fox,ADB-1788177,1.47884E+12
a7251526,301783,unknown,unknown,N/A,N/A,ADB-1788177,1.47845E+12
a7251526,308122,EP019213280030,EP019213280030,Fox,Fox,ADB-1788177,1.47845E+12
a7251526,301778,unknown,unknown,N/A,N/A,ADB-1788177,1.47818E+12
a7251526,301783,unknown,EP023034510129,N/A,NBC,ADB-1788177,1.47818E+12
a7251526,301772,EP000191483256,EP000191483256,Turner Network TV,Turner Network TV,ADB-1788177,1.48156E+12
a7251526,301772,EP000191483229,EP000191483229,Turner Network TV,Turner Network TV,ADB-1788177,1.48156E+12
635794d7,301785,EP019229360047,EP019229360047,The CW,The CW,"ADB-3469623,ADB-3469626,ADB-3469612,ADB-3469625,ADB-1788188,ADB-3469624,ADB-3469628,ADB-3469634,ADB-3469614",1.48156E+12
635794d7,301778,EP017403980045,EP017403980045,The CW,The CW,"ADB-3469623,ADB-3469626,ADB-3469612,ADB-3469625,ADB-1788188,ADB-3469624,ADB-3469628,ADB-3469634,ADB-3469614",1.48156E+12
635794d7,301785,EP015693720093,EP015693720093,The CW,The CW,"ADB-3469623,ADB-3469626,ADB-3469612,ADB-3469625,ADB-1788188,ADB-3469624,ADB-3469628,ADB-3469634,ADB-3469614",1.47847E+12
635794d7,301785,EP015693720093,EP015693720093,The CW,The CW,"ADB-3469623,ADB-3469626,ADB-3469612,ADB-3469625,ADB-1788188,ADB-3469624,ADB-3469628,ADB-3469634,ADB-3469614",1.47847E+12
4734a556,301778,EP019366820004,EP019366820004,Lifetime,Lifetime,"ADB-3469623,ADB-3469626,ADB-3469625,ADB-3469624,ADB-3469634",1.4813E+12
4734a556,301784,EP000191483269,EP000191483269,N/A,N/A,"ADB-3469623,ADB-3469626,ADB-3469625,ADB-3469624,ADB-3469634",1.4813E+12
4734a556,301778,EP000191483269,EP000191483269,N/A,N/A,"ADB-3469623,ADB-3469626,ADB-3469625,ADB-3469624,ADB-3469634",1.47856E+12
4734a556,308122,EP011581240139,EP011581240139,USA Network,USA Network,"ADB-3469623,ADB-3469626,ADB-3469625,ADB-3469624,ADB-3469634",1.47856E+12
4734a556,301778,EP000191483269,EP000191483269,N/A,N/A,"ADB-3469623,ADB-3469626,ADB-3469625,ADB-3469624,ADB-3469634",1.47879E+12
4734a556,301778,EP000191483269,EP000191483269,N/A,N/A,"ADB-3469623,ADB-3469626,ADB-3469625,ADB-3469624,ADB-3469634",1.47879E+12
4734a556,301784,EP000191483269,EP000191483269,N/A,N/A,"ADB-3469623,ADB-3469626,ADB-3469625,ADB-3469624,ADB-3469634",1.48144E+12
4734a556,301778,EP011581240121,EP011581240121,USA Network,USA Network,"ADB-3469623,ADB-3469626,ADB-3469625,ADB-3469624,ADB-3469634",1.48144E+12
4734a556,301784,EP015471390082,EP015471390082,N/A,N/A,"ADB-3469623,ADB-3469626,ADB-3469625,ADB-3469624,ADB-3469634",1.47884E+12
4734a556,301784,EP011581240144,EP011581240144,USA Network,USA Network,"ADB-3469623,ADB-3469626,ADB-3469625,ADB-3469624,ADB-3469634",1.47884E+12
4734a556,301784,EP000191483269,EP000191483269,N/A,N/A,"ADB-3469623,ADB-3469626,ADB-3469625,ADB-3469624,ADB-3469634",1.48054E+12
4734a556,308117,EP011581240142,EP011581240142,USA Network,USA Network,"ADB-3469623,ADB-3469626,ADB-3469625,ADB-3469624,ADB-3469634",1.48054E+12
c6756383,301778,unknown,EP000176170308,N/A,Turner Network TV,"ADB-3469623,ADB-1788974,ADB-1788949,ADB-3469626,ADB-1788966,ADB-1788945,ADB-3469612,ADB-3469625,ADB-1788188,ADB-1788948,ADB-3469624,ADB-3469634,ADB-3469614",1.47896E+12
c6756383,301772,SH023848100000,SH023848100000,Fox,Fox,"ADB-3469623,ADB-1788974,ADB-1788949,ADB-3469626,ADB-1788966,ADB-1788945,ADB-3469612,ADB-3469625,ADB-1788188,ADB-1788948,ADB-3469624,ADB-3469634,ADB-3469614",1.47896E+12
26962455,301772,EP005544654929,EP005544654929,Fox Sports,Fox Sports,"ADB-3469623,ADB-3469626,ADB-3469625,ADB-3469624,ADB-3469634",1.48052E+12
26962455,301778,EP017277730046,EP017277730046,HGTV,HGTV,"ADB-3469623,ADB-3469626,ADB-3469625,ADB-3469624,ADB-3469634",1.48052E+12
26962455,301772,unknown,EP005544654929,N/A,Fox Sports,"ADB-3469623,ADB-3469626,ADB-3469625,ADB-3469624,ADB-3469634",1.48148E+12
26962455,301772,unknown,unknown,N/A,N/A,"ADB-3469623,ADB-3469626,ADB-3469625,ADB-3469624,ADB-3469634",1.48148E+12
662464b4,308122,EP014865730070,EP014865730071,Lifetime,Lifetime,"ADB-1788177,ADB-1788188,ADB-1788961",1.48049E+12
662464b4,301778,EP017277730046,EP017277730046,HGTV,HGTV,"ADB-1788177,ADB-1788188,ADB-1788961",1.48049E+12
662464b4,308117,EP000173500123,EP000173500123,E!,E!,"ADB-1788177,ADB-1788188,ADB-1788961",1.48157E+12
662464b4,308122,EP017277730040,EP017277730040,HGTV,HGTV,"ADB-1788177,ADB-1788188,ADB-1788961",1.48157E+12
662464b4,301778,EP019366820004,EP019366820004,Lifetime,Lifetime,"ADB-1788177,ADB-1788188,ADB-1788961",1.48123E+12
662464b4,308122,EP019366820004,EP019366820004,Lifetime,Lifetime,"ADB-1788177,ADB-1788188,ADB-1788961",1.48123E+12
74679555,301783,unknown,unknown,N/A,N/A,ADB-1788177,1.48148E+12
74679555,301783,unknown,unknown,N/A,N/A,ADB-1788177,1.48148E+12
27169666,301784,unknown,unknown,N/A,N/A,ADB-3469605,1.48148E+12
27169666,301784,unknown,unknown,N/A,N/A,ADB-3469605,1.48148E+12
27169666,301784,unknown,unknown,N/A,N/A,ADB-3469605,1.48147E+12
27169666,301784,unknown,unknown,N/A,N/A,ADB-3469605,1.48147E+12
27169666,301784,unknown,unknown,N/A,N/A,ADB-3469605,1.48138E+12
44559622,301778,EP019062760128,EP019062760128,CBS,CBS,"ADB-1788960,ADB-1788949,ADB-1788972,ADB-1788188,ADB-1788948,ADB-1788977",1.48138E+12
44559622,301784,EP019062760128,EP019062760128,CBS,CBS,"ADB-1788960,ADB-1788949,ADB-1788972,ADB-1788188,ADB-1788948,ADB-1788977",1.47986E+12
34a33386,308122,EP019152141897,EP019152141897,NBC,NBC,"ADB-1788188,ADB-1788963",1.47986E+12
34a33386,308122,EP017386900066,EP017386900066,NBC,NBC,"ADB-1788188,ADB-1788963",1.47939E+12
34a33386,301778,EP017211070561,EP017211070561,NBC,NBC,"ADB-1788188,ADB-1788963",1.47939E+12
34a33386,308122,EP013657560269,EP013657560269,NBC,NBC,"ADB-1788188,ADB-1788963",1.48038E+12
34a33386,301784,EP019152141850,EP019152141850,NBC,NBC,"ADB-1788188,ADB-1788963",1.48038E+12
34a33386,308122,EP019152141903,EP019152141903,NBC,NBC,"ADB-1788188,ADB-1788963",1.48049E+12
34a33386,301778,EP013657560270,EP013657560270,NBC,NBC,"ADB-1788188,ADB-1788963",1.48049E+12
34a33386,308122,EP019152141894,unknown,NBC,N/A,"ADB-1788188,ADB-1788963",1.47818E+12
34a33386,308117,EP019152141895,EP019152141895,NBC,NBC,"ADB-1788188,ADB-1788963",1.47818E+12
34a33386,301778,EP019152141896,EP019152141896,NBC,NBC,"ADB-1788188,ADB-1788963",1.48167E+12
34a33386,308117,EP017386900065,EP017386900065,NBC,NBC,"ADB-1788188,ADB-1788963",1.48167E+12
34a33386,301785,EP017211070564,EP017211070564,NBC,NBC,"ADB-1788188,ADB-1788963",1.48096E+12
34a33386,301778,EP019152141851,EP019152141851,NBC,NBC,"ADB-1788188,ADB-1788963",1.48096E+12
34a33386,308122,EP017211070524,EP017211070524,NBC,NBC,"ADB-1788188,ADB-1788963",1.48096E+12
34a33386,301772,EP005544654869,EP005544654869,Fox,Fox,"ADB-1788188,ADB-1788963",1.48096E+12
34a33386,301785,EP019152141904,EP019152141904,NBC,NBC,"ADB-1788188,ADB-1788963",1.48116E+12
34a33386,308122,EP019152141908,EP019152141908,NBC,NBC,"ADB-1788188,ADB-1788963",1.48116E+12
34a33386,308117,EP015679150090,EP015679150090,NBC,NBC,"ADB-1788188,ADB-1788963",1.4808E+12
34a33386,301784,EP013657560264,EP013657560264,NBC,NBC,"ADB-1788188,ADB-1788963",1.4808E+12
34a33386,301778,EP019152141911,EP019152141911,NBC,NBC,"ADB-1788188,ADB-1788963",1.48156E+12
34a33386,308122,EP019152141911,unknown,NBC,N/A,"ADB-1788188,ADB-1788963",1.48156E+12
34a33386,301784,EP019152141849,EP019152141849,NBC,NBC,"ADB-1788188,ADB-1788963",1.47829E+12
34a33386,301785,EP021837240006,EP021837240006,NBC,NBC,"ADB-1788188,ADB-1788963",1.47829E+12
34a33386,301778,EP017386900066,EP017386900066,NBC,NBC,"ADB-1788188,ADB-1788963",1.47941E+12
34a33386,301778,EP019152141898,EP019152141898,NBC,NBC,"ADB-1788188,ADB-1788963",1.47941E+12
759657a5,308122,unknown,unknown,N/A,N/A,"ADB-3469623,ADB-3469626,ADB-3469612,ADB-3469625,ADB-1788951,ADB-3469624,ADB-3469614",1.48045E+12
52f42615,308122,EP009311820033,EP009311820033,TBS,TBS,ADB-1788188,1.48045E+12
52f42615,301772,EP019223100046,EP019223100046,CBS,CBS,ADB-1788188,1.48105E+12
5636d626,308117,EP000000351289,EP000000351289,CBS,CBS,ADB-1788961,1.48105E+12
5636d626,308122,EP000000351291,EP000000351291,CBS,CBS,ADB-1788961,1.47974E+12
46941666,308122,unknown,unknown,N/A,N/A,ADB-1788966,1.47974E+12
46941666,301784,EP019229360048,EP019229360048,The CW,The CW,ADB-1788966,1.47842E+12
46941666,308117,EP000186930628,EP000186930628,Fox,Fox,ADB-1788966,1.47842E+12
46941666,301785,EP019229360047,EP019229360047,The CW,The CW,ADB-1788966,1.48069E+12
46941666,308117,EP021854510022,EP021854510022,CBS,CBS,ADB-1788966,1.48069E+12
53843457,308122,EP000000351291,EP000000351291,CBS,CBS,ADB-1788188,1.47974E+12
76639747,301778,unknown,EP019366820004,N/A,Lifetime,ADB-3469625,1.47974E+12
76639747,308122,unknown,EP019366820004,N/A,Lifetime,ADB-3469625,1.48139E+12
76639747,308122,EP009311820216,EP009311820216,CBS,CBS,ADB-3469625,1.48139E+12
032616d6,308117,EP007537910271,EP007537910271,CBS,CBS,"ADB-1788188,ADB-1788974",1.47925E+12
032616d6,308122,EP009311820217,EP009311820217,CBS,CBS,"ADB-1788188,ADB-1788974",1.47925E+12
032616d6,308122,EP017584510156,EP017584510156,Food Network,Food Network,"ADB-1788188,ADB-1788974",1.47889E+12
032616d6,301785,unknown,unknown,N/A,N/A,"ADB-1788188,ADB-1788974",1.47889E+12
032616d6,301785,unknown,unknown,N/A,N/A,"ADB-1788188,ADB-1788974",1.48047E+12
66439516,301784,EP012124070013,EP012124070013,History,History,"ADB-1788963,ADB-1788188,ADB-3469619,ADB-3469624,ADB-1788935,ADB-3469634,ADB-3469614",1.48047E+12
66439516,301784,EP011594940238,EP011594940238,History,History,"ADB-1788963,ADB-1788188,ADB-3469619,ADB-3469624,ADB-1788935,ADB-3469634,ADB-3469614",1.47865E+12
66439516,308122,EP015899250023,EP015899250023,History,History,"ADB-1788963,ADB-1788188,ADB-3469619,ADB-3469624,ADB-1788935,ADB-3469634,ADB-3469614",1.47865E+12
66439516,308122,EP017386900066,EP017386900066,NBC,NBC,"ADB-1788963,ADB-1788188,ADB-3469619,ADB-3469624,ADB-1788935,ADB-3469634,ADB-3469614",1.47918E+12
66439516,301778,EP015683360083,EP015683360083,ABC,ABC,"ADB-1788963,ADB-1788188,ADB-3469619,ADB-3469624,ADB-1788935,ADB-3469634,ADB-3469614",1.47918E+12
66439516,301772,EP015683360090,EP015683360090,ABC,ABC,"ADB-1788963,ADB-1788188,ADB-3469619,ADB-3469624,ADB-1788935,ADB-3469634,ADB-3469614",1.48048E+12
66439516,308122,EP019956060024,EP019956060024,Discovery Channel,Discovery Channel,"ADB-1788963,ADB-1788188,ADB-3469619,ADB-3469624,ADB-1788935,ADB-3469634,ADB-3469614",1.48048E+12
66439516,308122,EP012124070044,EP012124070044,History,History,"ADB-1788963,ADB-1788188,ADB-3469619,ADB-3469624,ADB-1788935,ADB-3469634,ADB-3469614",1.48048E+12
66439516,308122,EP015683360085,EP015683360085,ABC,ABC,"ADB-1788963,ADB-1788188,ADB-3469619,ADB-3469624,ADB-1788935,ADB-3469634,ADB-3469614",1.48048E+12
66439516,308122,EP011594940251,EP011594940251,History,History,"ADB-1788963,ADB-1788188,ADB-3469619,ADB-3469624,ADB-1788935,ADB-3469634,ADB-3469614",1.48141E+12
66439516,301778,EP017386900066,EP017386900066,NBC,NBC,"ADB-1788963,ADB-1788188,ADB-3469619,ADB-3469624,ADB-1788935,ADB-3469634,ADB-3469614",1.48141E+12
64c614c2,308122,unknown,EP009311820216,N/A,CBS,"ADB-3469623,ADB-3469626,ADB-3469612,ADB-3469625,ADB-3469624,ADB-3469628,ADB-3469634,ADB-3469614",1.48141E+12
64c614c2,301784,EP019152141850,EP019152141850,NBC,NBC,"ADB-3469623,ADB-3469626,ADB-3469612,ADB-3469625,ADB-3469624,ADB-3469628,ADB-3469634,ADB-3469614",1.48141E+12
64c614c2,308117,EP007537910271,EP007537910271,CBS,CBS,"ADB-3469623,ADB-3469626,ADB-3469612,ADB-3469625,ADB-3469624,ADB-3469628,ADB-3469634,ADB-3469614",1.48038E+12
64c614c2,301784,EP019152141849,EP019152141849,NBC,NBC,"ADB-3469623,ADB-3469626,ADB-3469612,ADB-3469625,ADB-3469624,ADB-3469628,ADB-3469634,ADB-3469614",1.48038E+12
b5a7a393,301783,EP000191552879,EP000191552879,NBC,NBC,ADB-1788951,1.47958E+12
e6d4a684,301783,EP018764110044,EP018764110044,Fox,Fox,ADB-1788951,1.47958E+12
b5a7a393,308117,EP015679150090,EP015679150090,NBC,NBC,ADB-1788951,1.48137E+12
b5a7a393,301784,EP016164380038,EP016164380038,A&E,A&E,ADB-1788951,1.48137E+12
b5a7a393,308122,EP003169780041,EP003169780041,USA Network,USA Network,ADB-1788951,1.47958E+12
b5a7a393,301783,EP021838110020,EP021838110020,Fox,Fox,ADB-1788951,1.47958E+12
b5a7a393,308122,EP017386900066,EP017386900066,NBC,NBC,ADB-1788951,1.47986E+12
e6d4a684,308122,EP018764110044,EP018764110044,Fox,Fox,ADB-1788951,1.47986E+12
b5a7a393,308122,EP007322830303,EP007322830303,ABC,ABC,ADB-1788951,1.47986E+12
e6d4a684,301784,EP005520800597,EP005520800597,Fox,Fox,ADB-1788951,1.47986E+12
b5a7a393,301778,EP016164380038,EP016164380038,A&E,A&E,ADB-1788951,1.47993E+12
b5a7a393,301778,EP017386900066,EP017386900066,NBC,NBC,ADB-1788951,1.47993E+12
b5a7a393,308122,EP000191552879,EP000191552879,NBC,NBC,ADB-1788951,1.47944E+12
93242524,308122,EP000000351290,EP000000351290,CBS,CBS,ADB-3469623,1.47944E+12
93242524,308122,EP017390480051,EP017390480051,Fox,Fox,ADB-3469623,1.48079E+12
4676a6e7,301785,EP005520800597,EP005520800597,Fox,Fox,"ADB-3469625,ADB-3469628",1.48079E+12
4676a6e7,301784,EP005520800595,EP005520800595,Fox,Fox,"ADB-3469625,ADB-3469628",1.4809E+12
72b34633,301772,EP000191483242,EP000191483242,Turner Network TV,Turner Network TV,"ADB-1788188,ADB-1788946",1.4809E+12
72b34633,301772,SP003371600000,EP018764110044,ESPN,Fox,"ADB-1788188,ADB-1788946",1.4809E+12
93859625,308122,EP000000351290,EP000000351290,CBS,CBS,"ADB-1788188,ADB-1788972",1.4809E+12
93859625,301778,EP021836870004,EP021836870004,NBC,NBC,"ADB-1788188,ADB-1788972",1.48049E+12
93859625,301784,EP021838110021,EP021838110021,Fox,Fox,"ADB-1788188,ADB-1788972",1.48049E+12
93859625,308117,EP000037101003,EP000037101003,NBC,NBC,"ADB-1788188,ADB-1788972",1.48049E+12
93859625,308122,EP000000351291,EP000000351291,CBS,CBS,"ADB-1788188,ADB-1788972",1.48049E+12
93859625,308117,unknown,EP000037101003,N/A,NBC,"ADB-1788188,ADB-1788972",1.4804E+12
93859625,308122,EP018764110044,EP018764110044,Fox,Fox,"ADB-1788188,ADB-1788972",1.4804E+12
93859625,308117,EP000000351289,EP000000351289,CBS,CBS,"ADB-1788188,ADB-1788972",1.48048E+12
94d57337,308122,EP019152141897,EP019152141897,NBC,NBC,ADB-1788177,1.48048E+12
94d57337,308117,EP007322830301,EP007322830301,ABC,ABC,ADB-1788177,1.48018E+12
94d57337,308122,EP005455792541,EP005455792541,ABC,ABC,ADB-1788177,1.48018E+12
94d57337,308122,EP017211070551,EP017211070551,NBC,NBC,ADB-1788177,1.47872E+12
64677677,301778,EP022637450015,EP022637450015,Food Network,Food Network,"ADB-1788188,ADB-1788946",1.47872E+12
64677677,301785,EP022637450015,EP022637450015,Food Network,Food Network,"ADB-1788188,ADB-1788946",1.48053E+12
64677677,301784,EP022637450015,EP022637450015,Food Network,Food Network,"ADB-1788188,ADB-1788946",1.48053E+12
2416e544,301778,EP005520800597,EP005520800597,Fox,Fox,ADB-1788177,1.48053E+12
2416e544,301785,EP005520800597,EP005520800597,Fox,Fox,ADB-1788177,1.48053E+12
2416e544,301784,EP005520800597,EP005520800597,Fox,Fox,ADB-1788177,1.48037E+12
2416e544,301784,EP005520800597,EP005520800597,Fox,Fox,ADB-1788177,1.48037E+12
86a6a414,301772,EP000191483258,unknown,ABC,N/A,"ADB-3469625,ADB-1788177,ADB-1788951,ADB-1788188",1.47951E+12
86a6a414,301772,EP000191483229,EP000191483229,Turner Network TV,Turner Network TV,"ADB-3469625,ADB-1788177,ADB-1788951,ADB-1788188",1.47951E+12
86a6a414,301772,EP000191483258,unknown,ABC,N/A,"ADB-3469625,ADB-1788177,ADB-1788951,ADB-1788188",1.4783E+12
86a6a414,301778,EP019213280031,unknown,Fox,N/A,"ADB-3469625,ADB-1788177,ADB-1788951,ADB-1788188",1.4783E+12
86a6a414,308122,EP011594940251,EP011594940251,History,History,"ADB-3469625,ADB-1788177,ADB-1788951,ADB-1788188",1.48048E+12
86a6a414,308122,EP017390480051,EP017390480051,Fox,Fox,"ADB-3469625,ADB-1788177,ADB-1788951,ADB-1788188",1.48048E+12
86a6a414,308122,EP017390480051,EP017390480051,Fox,Fox,"ADB-3469625,ADB-1788177,ADB-1788951,ADB-1788188",1.48048E+12
86a6a414,301778,EP019213280032,EP019213280032,Fox,Fox,"ADB-3469625,ADB-1788177,ADB-1788951,ADB-1788188",1.48048E+12
86a6a414,308117,EP015899250124,EP015899250124,History,History,"ADB-3469625,ADB-1788177,ADB-1788951,ADB-1788188",1.48048E+12
86a6a414,308122,EP019213280030,EP019213280030,Fox,Fox,"ADB-3469625,ADB-1788177,ADB-1788951,ADB-1788188",1.48048E+12
86a6a414,301772,EP000191483229,EP000191483229,Turner Network TV,Turner Network TV,"ADB-3469625,ADB-1788177,ADB-1788951,ADB-1788188",1.48048E+12
86a6a414,308117,EP017390480051,EP017390480051,Fox,Fox,"ADB-3469625,ADB-1788177,ADB-1788951,ADB-1788188",1.48048E+12
86a6a414,308117,EP017390480051,EP017390480051,Fox,Fox,"ADB-3469625,ADB-1788177,ADB-1788951,ADB-1788188",1.48158E+12
86a6a414,308122,EP018764110044,EP018764110044,Fox,Fox,"ADB-3469625,ADB-1788177,ADB-1788951,ADB-1788188",1.48158E+12
37638797,301783,unknown,unknown,N/A,N/A,"ADB-1788177,ADB-1788949",1.48053E+12
37638797,301783,unknown,unknown,N/A,N/A,"ADB-1788177,ADB-1788949",1.48053E+12
37638797,301783,unknown,unknown,N/A,N/A,"ADB-1788177,ADB-1788949",1.48044E+12
24e79637,301772,EP000191483258,EP000191483258,ABC,ABC,"ADB-1788963,ADB-1788949,ADB-1788959,ADB-1788188,ADB-1788951",1.48044E+12
24c33775,301772,EP015683360090,EP015683360090,ABC,ABC,ADB-1788977,1.48044E+12
24c33775,308117,EP000018937482,unknown,ABC,N/A,ADB-1788977,1.48044E+12
24c33775,308117,EP005455792550,EP005455792550,ABC,ABC,ADB-1788977,1.47933E+12
24c33775,308122,EP015683360085,EP015683360085,ABC,ABC,ADB-1788977,1.47933E+12
24c33775,308117,EP000018937479,unknown,ABC,N/A,ADB-1788977,1.47916E+12
24c33775,301778,EP000031384606,EP000031384606,ABC,ABC,ADB-1788977,1.47916E+12
24c33775,308117,EP000018937461,EP000018937461,ABC,ABC,ADB-1788977,1.47949E+12
6779334,308122,unknown,unknown,N/A,N/A,ADB-1788951,1.47949E+12
6779334,308122,EP019213280030,EP019213280030,Fox,Fox,ADB-1788951,1.48124E+12
6779334,301785,EP005520800597,EP005520800597,Fox,Fox,ADB-1788951,1.48124E+12
6779334,301778,EP005520800597,unknown,Fox,N/A,ADB-1788951,1.47968E+12
6779334,301784,EP005520800597,EP005520800597,Fox,Fox,ADB-1788951,1.47968E+12
a666f786,308122,unknown,unknown,N/A,N/A,"ADB-1788188,ADB-1788949",1.48088E+12
a666f786,308122,unknown,unknown,N/A,N/A,"ADB-1788188,ADB-1788949",1.48088E+12
a666f786,301783,unknown,unknown,N/A,N/A,"ADB-1788188,ADB-1788949",1.48045E+12
a666f786,308122,SH014234470000,unknown,ABC,N/A,"ADB-1788188,ADB-1788949",1.48045E+12
a666f786,301784,EP006819110220,EP006819110220,USA Network,USA Network,"ADB-1788188,ADB-1788949",1.47986E+12
a666f786,308122,unknown,unknown,N/A,N/A,"ADB-1788188,ADB-1788949",1.47986E+12
a666f786,301778,EP013300401304,unknown,MSNBC,N/A,"ADB-1788188,ADB-1788949",1.48132E+12
a666f786,308122,unknown,unknown,N/A,N/A,"ADB-1788188,ADB-1788949",1.48132E+12
65179694,308122,EP007322830303,EP007322830303,ABC,ABC,ADB-1788945,1.47873E+12
65179694,308117,EP007322830301,EP007322830301,ABC,ABC,ADB-1788945,1.47873E+12
65179694,301784,EP011581240192,EP011581240192,ABC,ABC,ADB-1788945,1.47874E+12
a6c32522,308117,EP009311820203,EP009311820203,CBS,CBS,"ADB-3469612,ADB-1788946",1.47874E+12
94a59526,308122,EP022099820009,EP022099820009,AMC,AMC,ADB-3469625,1.47977E+12
94a59526,308117,EP022099820009,EP022099820009,AMC,AMC,ADB-3469625,1.47977E+12
167555a6,308117,unknown,EP007537910271,N/A,N/A,"ADB-3469634,ADB-3469619",1.4816E+12
165394d7,308122,EP019152141911,EP019152141911,NBC,NBC,ADB-1788177,1.4816E+12
165394d7,308122,EP019152141908,EP019152141908,NBC,NBC,ADB-1788177,1.48036E+12
165394d7,308122,EP020586310055,EP020586310055,Velocity,Velocity,ADB-1788177,1.48036E+12
165394d7,308117,EP019152141895,EP019152141895,NBC,NBC,ADB-1788177,1.4794E+12
165394d7,301778,EP019152141911,EP019152141911,NBC,NBC,ADB-1788177,1.4794E+12
165394d7,308122,EP003670780115,EP003670780115,CBS,CBS,ADB-1788177,1.48048E+12
165394d7,301772,EP019223100046,EP019223100046,CBS,CBS,ADB-1788177,1.48048E+12
165394d7,308122,EP000000351290,EP000000351290,CBS,CBS,ADB-1788177,1.48048E+12
165394d7,308122,EP019152141894,unknown,NBC,N/A,ADB-1788177,1.48048E+12
165394d7,301772,EP019223100046,EP019223100046,CBS,CBS,ADB-1788177,1.48048E+12
165394d7,301784,EP019152141849,EP019152141849,NBC,NBC,ADB-1788177,1.48048E+12
165394d7,301778,EP019152141898,unknown,NBC,N/A,ADB-1788177,1.48048E+12
165394d7,301784,EP019152141850,EP019152141850,NBC,NBC,ADB-1788177,1.48048E+12
165394d7,308122,EP006819110325,EP006819110325,CBS,CBS,ADB-1788177,1.48061E+12
165394d7,308122,EP009311820216,EP009311820216,CBS,CBS,ADB-1788177,1.48061E+12
165394d7,301772,EP019223100046,EP019223100046,CBS,CBS,ADB-1788177,1.48167E+12
165394d7,308122,unknown,unknown,N/A,N/A,ADB-1788177,1.48167E+12
165394d7,301778,unknown,unknown,N/A,N/A,ADB-1788177,1.48164E+12
165394d7,308122,EP019152141897,EP019152141897,NBC,NBC,ADB-1788177,1.48164E+12
4772f495,301784,EP000018937480,EP000018937480,ABC,ABC,"ADB-1788188,ADB-1788945,ADB-1788946",1.48148E+12
7704b4d4,301772,EP000191483216,EP000191483216,Turner Network TV,Turner Network TV,ADB-3469625,1.48148E+12
7704b4d4,308122,EP000176170331,EP000176170331,Turner Network TV,Turner Network TV,ADB-3469625,1.47872E+12
7704b4d4,301784,EP013657560264,EP013657560264,NBC,NBC,ADB-3469625,1.47872E+12
3752f564,308122,unknown,unknown,N/A,N/A,ADB-1788948,1.48141E+12
3752f564,308122,EP000018937485,EP000018937485,ABC,ABC,ADB-1788948,1.48141E+12
3752f564,301784,EP000018937475,unknown,ABC,N/A,ADB-1788948,1.48141E+12
3752f564,301783,unknown,unknown,N/A,N/A,ADB-1788948,1.48141E+12
3752f564,301784,EP000018937480,unknown,ABC,N/A,ADB-1788948,1.48138E+12
3752f564,308117,EP017390480051,EP017390480051,Fox,Fox,ADB-1788948,1.48138E+12
3752f564,308117,EP017390480051,EP017390480051,Fox,Fox,ADB-1788948,1.47854E+12
3752f564,308122,unknown,unknown,N/A,N/A,ADB-1788948,1.47854E+12
3752f564,308122,unknown,unknown,N/A,N/A,ADB-1788948,1.48148E+12
94a6b735,301772,EP005544654871,EP005544654871,N/A,N/A,ADB-3469612,1.48148E+12
94a6b735,301784,EP013657560264,EP013657560264,N/A,N/A,ADB-3469612,1.48079E+12
94a6b735,301772,EP005544654873,EP005544654873,N/A,N/A,ADB-3469612,1.48079E+12
94a6b735,308122,EP013657560269,EP013657560269,N/A,N/A,ADB-3469612,1.48165E+12
94a6b735,308117,EP019222940042,EP019222940042,N/A,N/A,ADB-3469612,1.48165E+12
94a6b735,308122,EP000000351290,EP000000351290,N/A,N/A,ADB-3469612,1.47914E+12
94a6b735,308122,EP000000351291,EP000000351291,N/A,N/A,ADB-3469612,1.47914E+12
94a6b735,308117,EP007537910271,EP007537910271,N/A,N/A,ADB-3469612,1.48151E+12
94a6b735,308122,EP003670780115,EP003670780115,N/A,N/A,ADB-3469612,1.48151E+12
94a6b735,308117,EP013657560268,EP013657560268,N/A,N/A,ADB-3469612,1.48132E+12
94a6b735,301772,EP005544654874,EP005544654874,N/A,N/A,ADB-3469612,1.48132E+12
94a6b735,308117,EP007537910271,EP007537910271,N/A,N/A,ADB-3469612,1.48141E+12
94a6b735,301772,EP005544654874,EP005544654874,N/A,N/A,ADB-3469612,1.48141E+12
94a6b735,308117,EP000000351289,EP000000351289,N/A,N/A,ADB-3469612,1.48062E+12
e5267626,301783,EP020865430016,EP020865430016,truTV,truTV,"ADB-3469623,ADB-3469612,ADB-3469624,ADB-3469628,ADB-3469634,ADB-3469614",1.48062E+12
e5267626,301772,EP005544654869,unknown,Fox,N/A,"ADB-3469623,ADB-3469612,ADB-3469624,ADB-3469628,ADB-3469634,ADB-3469614",1.48048E+12
e5267626,301772,SH011324270000,EP023631990002,Fox,Fox,"ADB-3469623,ADB-3469612,ADB-3469624,ADB-3469628,ADB-3469634,ADB-3469614",1.48048E+12
e5267626,301772,EP005544654872,EP005544654872,Fox,Fox,"ADB-3469623,ADB-3469612,ADB-3469624,ADB-3469628,ADB-3469634,ADB-3469614",1.48108E+12
e5267626,301783,SH018009710000,SH018009710000,NBCSN,NBCSN,"ADB-3469623,ADB-3469612,ADB-3469624,ADB-3469628,ADB-3469634,ADB-3469614",1.48108E+12
e5267626,301772,EP005544654869,EP005544654869,Fox,Fox,"ADB-3469623,ADB-3469612,ADB-3469624,ADB-3469628,ADB-3469634,ADB-3469614",1.4789E+12
e5267626,301772,EP005544654872,EP005544654872,Fox,Fox,"ADB-3469623,ADB-3469612,ADB-3469624,ADB-3469628,ADB-3469634,ADB-3469614",1.4789E+12
e5267626,301772,EP005544654869,EP005544654869,Fox,Fox,"ADB-3469623,ADB-3469612,ADB-3469624,ADB-3469628,ADB-3469634,ADB-3469614",1.48081E+12
e5267626,308117,unknown,unknown,N/A,N/A,"ADB-3469623,ADB-3469612,ADB-3469624,ADB-3469628,ADB-3469634,ADB-3469614",1.48081E+12
e5267626,301772,EP005544654872,EP005544654872,Fox,Fox,"ADB-3469623,ADB-3469612,ADB-3469624,ADB-3469628,ADB-3469634,ADB-3469614",1.48028E+12
e5267626,308122,MV003801590000,MV003801590000,N/A,N/A,"ADB-3469623,ADB-3469612,ADB-3469624,ADB-3469628,ADB-3469634,ADB-3469614",1.48028E+12
64a31466,301772,EP000191483258,EP000191483258,ABC,ABC,"ADB-3469619,ADB-3469634",1.48028E+12
64a31466,301784,unknown,EP000191483269,N/A,ABC,"ADB-3469619,ADB-3469634",1.48028E+12
64a31466,301778,unknown,EP008468530202,N/A,Fox,"ADB-3469619,ADB-3469634",1.47853E+12
64a31466,301778,unknown,unknown,N/A,N/A,"ADB-3469619,ADB-3469634",1.47853E+12
64a31466,301778,unknown,EP000191483269,N/A,ABC,"ADB-3469619,ADB-3469634",1.48037E+12
64a31466,301778,EP000191483199,EP000191483199,ABC,ABC,"ADB-3469619,ADB-3469634",1.48037E+12
64a31466,301784,unknown,unknown,N/A,N/A,"ADB-3469619,ADB-3469634",1.47925E+12
64a31466,301778,unknown,EP000195595582,N/A,NBC,"ADB-3469619,ADB-3469634",1.47925E+12
7833315,301784,EP007399290330,EP007399290330,Fox,Fox,"ADB-3469623,ADB-3469626,ADB-3469612,ADB-3469625,ADB-3469624,ADB-3469634,ADB-3469614",1.47941E+12
7833315,301784,EP005520800597,EP005520800597,Fox,Fox,"ADB-3469623,ADB-3469626,ADB-3469612,ADB-3469625,ADB-3469624,ADB-3469634,ADB-3469614",1.47941E+12
7833315,308122,EP007399290328,EP007399290328,Fox,Fox,"ADB-3469623,ADB-3469626,ADB-3469612,ADB-3469625,ADB-3469624,ADB-3469634,ADB-3469614",1.47802E+12
7833315,308122,EP021838640012,EP021838640012,Fox,Fox,"ADB-3469623,ADB-3469626,ADB-3469612,ADB-3469625,ADB-3469624,ADB-3469634,ADB-3469614",1.47802E+12
7833315,301778,EP005520800597,EP005520800597,Fox,Fox,"ADB-3469623,ADB-3469626,ADB-3469612,ADB-3469625,ADB-3469624,ADB-3469634,ADB-3469614",1.48142E+12
7833315,308117,unknown,unknown,N/A,N/A,"ADB-3469623,ADB-3469626,ADB-3469612,ADB-3469625,ADB-3469624,ADB-3469634,ADB-3469614",1.48142E+12
3673376,301778,EP007473660528,EP007473660528,ABC,ABC,ADB-3469605,1.47862E+12
3673376,308122,EP009311820217,EP009311820217,CBS,CBS,ADB-3469605,1.47862E+12
3673376,308122,EP007473660528,EP007473660528,ABC,ABC,ADB-3469605,1.48113E+12
3673376,301783,unknown,unknown,N/A,N/A,ADB-3469605,1.48113E+12
3673376,308122,EP000000351291,EP000000351291,CBS,CBS,ADB-3469605,1.48019E+12
86232303,308122,EP019152141911,unknown,NBC,N/A,"ADB-1788951,ADB-1788188",1.48019E+12
86232303,308122,EP019152141908,EP019152141908,NBC,NBC,"ADB-1788951,ADB-1788188",1.47803E+12
86232303,308122,EP019152141894,unknown,NBC,N/A,"ADB-1788951,ADB-1788188",1.47803E+12
86232303,301778,EP019152141911,EP019152141911,NBC,NBC,"ADB-1788951,ADB-1788188",1.48036E+12
86232303,301784,EP019152141849,EP019152141849,NBC,NBC,"ADB-1788951,ADB-1788188",1.48036E+12
86232303,308122,EP013657560268,EP015471390003,NBC,N/A,"ADB-1788951,ADB-1788188",1.47846E+12
2756d644,308122,MV008629810000,MV008629810000,Lifetime,Lifetime,"ADB-3469623,ADB-3469612,ADB-3469582,ADB-3469624,ADB-3469628,ADB-3469634,ADB-3469614",1.47846E+12
2756d644,301772,SH000199170000,SH000199170000,ESPN,ESPN,"ADB-3469623,ADB-3469612,ADB-3469582,ADB-3469624,ADB-3469628,ADB-3469634,ADB-3469614",1.48043E+12
2756d644,301772,EP000191483231,EP000191483231,Turner Network TV,Turner Network TV,"ADB-3469623,ADB-3469612,ADB-3469582,ADB-3469624,ADB-3469628,ADB-3469634,ADB-3469614",1.48043E+12
2756d644,301784,MV008814200000,MV008814200000,Lifetime,Lifetime,"ADB-3469623,ADB-3469612,ADB-3469582,ADB-3469624,ADB-3469628,ADB-3469634,ADB-3469614",1.48043E+12
2756d644,308122,EP000191483231,EP000191483231,Turner Network TV,Turner Network TV,"ADB-3469623,ADB-3469612,ADB-3469582,ADB-3469624,ADB-3469628,ADB-3469634,ADB-3469614",1.48043E+12
4676a2f5,301783,unknown,unknown,N/A,N/A,"ADB-3469623,ADB-3469626,ADB-3469612,ADB-3469625,ADB-3469624,ADB-3469634,ADB-3469614",1.48043E+12
4676a2f5,308117,SP003373880000,SP003373880000,Sportstime Ohio,Sportstime Ohio,"ADB-3469623,ADB-3469626,ADB-3469612,ADB-3469625,ADB-3469624,ADB-3469634,ADB-3469614",1.48043E+12
4676a2f5,308117,SP003373750000,SP003373750000,Sportstime Ohio,Sportstime Ohio,"ADB-3469623,ADB-3469626,ADB-3469612,ADB-3469625,ADB-3469624,ADB-3469634,ADB-3469614",1.48157E+12
4676a2f5,301783,unknown,unknown,N/A,N/A,"ADB-3469623,ADB-3469626,ADB-3469612,ADB-3469625,ADB-3469624,ADB-3469634,ADB-3469614",1.48157E+12
4676a2f5,308117,SP003373750000,SP003373750000,Sportstime Ohio,Sportstime Ohio,"ADB-3469623,ADB-3469626,ADB-3469612,ADB-3469625,ADB-3469624,ADB-3469634,ADB-3469614",1.48048E+12
4676a2f5,308117,SP003373880000,SP003373880000,Sportstime Ohio,Sportstime Ohio,"ADB-3469623,ADB-3469626,ADB-3469612,ADB-3469625,ADB-3469624,ADB-3469634,ADB-3469614",1.48048E+12
4676a2f5,301783,EP001887105622,unknown,CBS,N/A,"ADB-3469623,ADB-3469626,ADB-3469612,ADB-3469625,ADB-3469624,ADB-3469634,ADB-3469614",1.48048E+12
4676a2f5,301783,unknown,unknown,N/A,N/A,"ADB-3469623,ADB-3469626,ADB-3469612,ADB-3469625,ADB-3469624,ADB-3469634,ADB-3469614",1.48048E+12
4676a2f5,301783,unknown,unknown,N/A,N/A,"ADB-3469623,ADB-3469626,ADB-3469612,ADB-3469625,ADB-3469624,ADB-3469634,ADB-3469614",1.4809E+12
4676a2f5,301783,unknown,unknown,N/A,N/A,"ADB-3469623,ADB-3469626,ADB-3469612,ADB-3469625,ADB-3469624,ADB-3469634,ADB-3469614",1.4809E+12
4676a2f5,308122,EP000000351291,EP000000351291,CBS,CBS,"ADB-3469623,ADB-3469626,ADB-3469612,ADB-3469625,ADB-3469624,ADB-3469634,ADB-3469614",1.48048E+12
4676a2f5,301783,unknown,unknown,N/A,N/A,"ADB-3469623,ADB-3469626,ADB-3469612,ADB-3469625,ADB-3469624,ADB-3469634,ADB-3469614",1.48048E+12
62b76547,301772,EP023842420008,EP023842420008,History,History,ADB-1788177,1.48048E+12
62b76547,301785,EP017392440065,EP017392440065,ABC,ABC,ADB-1788177,1.48048E+12
62b76547,301785,EP015693720093,EP015693720093,The CW,The CW,ADB-1788177,1.48142E+12
753776d4,301778,EP019213280031,EP019213280031,Fox,Fox,ADB-3469626,1.48142E+12
753776d4,308122,EP019213280030,EP019213280030,Fox,Fox,ADB-3469626,1.4801E+12
753776d4,308122,EP017277730040,EP017277730040,HGTV,HGTV,ADB-3469626,1.4801E+12
753776d4,308122,EP019213280030,EP019213280030,Fox,Fox,ADB-3469626,1.47864E+12
753776d4,301785,EP018423000367,EP018423000367,NBC,NBC,ADB-3469626,1.47864E+12
463414b6,308122,unknown,unknown,N/A,N/A,ADB-3469625,1.48047E+12
84a4c796,308122,EP003851900019,EP000018937474,N/A,ABC,"ADB-1788188,ADB-1788976,ADB-1788977",1.48047E+12
84a4c796,308122,EP000018937485,EP000018937485,ABC,ABC,"ADB-1788188,ADB-1788976,ADB-1788977",1.48133E+12
84a4c796,301772,EP015683360090,unknown,ABC,N/A,"ADB-1788188,ADB-1788976,ADB-1788977",1.48133E+12
84a4c796,308122,EP019213280030,EP019213280030,Fox,Fox,"ADB-1788188,ADB-1788976,ADB-1788977",1.47814E+12
84a4c796,308122,EP010783390220,EP010783390220,HGTV,HGTV,"ADB-1788188,ADB-1788976,ADB-1788977",1.47814E+12
84a4c796,301778,EP013657560270,EP013657560270,NBC,NBC,"ADB-1788188,ADB-1788976,ADB-1788977",1.48048E+12
84a4c796,308122,EP021846800005,EP021846800005,ABC,ABC,"ADB-1788188,ADB-1788976,ADB-1788977",1.48048E+12
26446492,308122,EP006819110325,EP000191905863,CBS,Fox,ADB-1788188,1.48132E+12
26446492,301778,EP005520800597,EP005520800597,Fox,Fox,ADB-1788188,1.48132E+12
26446492,308122,EP009311820217,EP009311820217,CBS,CBS,ADB-1788188,1.48079E+12
26446492,301784,EP005520800597,EP005520800597,Fox,Fox,ADB-1788188,1.48079E+12
26446492,308117,EP014194780116,EP014194780116,ABC,ABC,ADB-1788188,1.47872E+12
26446492,308122,EP017386900066,EP017386900066,NBC,NBC,ADB-1788188,1.47872E+12
26446492,308117,EP017386900065,EP017386900065,NBC,NBC,ADB-1788188,1.47873E+12
26446492,308122,EP003670780115,EP003670780115,CBS,CBS,ADB-1788188,1.47873E+12
26446492,308122,EP014194780118,EP014194780118,ABC,ABC,ADB-1788188,1.48053E+12
26446492,301784,EP013657560264,EP013657560264,NBC,NBC,ADB-1788188,1.48053E+12
26446492,308122,EP019062760132,EP019062760132,CBS,CBS,ADB-1788188,1.48044E+12
26446492,308122,EP013657560269,EP013657560269,NBC,NBC,ADB-1788188,1.48044E+12
26446492,308122,EP019952930173,EP019952930173,CBS,CBS,ADB-1788188,1.48056E+12
26446492,301785,EP005520800597,EP005520800597,Fox,Fox,ADB-1788188,1.48056E+12
26446492,301784,EP005520800597,EP005520800597,Fox,Fox,ADB-1788188,1.48035E+12
26446492,308117,EP021854510022,EP021854510022,CBS,CBS,ADB-1788188,1.48035E+12
26446492,308122,EP014194780118,EP014194780118,ABC,ABC,ADB-1788188,1.48159E+12
26446492,308122,EP009311820216,EP009311820216,CBS,CBS,ADB-1788188,1.48159E+12
26446492,301778,EP017386900066,EP017386900066,NBC,NBC,ADB-1788188,1.47801E+12
84f6f587,301778,EP015223350697,EP015223350697,NBC,NBC,"ADB-1788188,ADB-1788946",1.47801E+12
84f6f587,308122,EP011117850261,EP011117850261,Food Network,Food Network,"ADB-1788188,ADB-1788946",1.48114E+12
84f6f587,308122,EP011117850261,EP011117850261,Food Network,Food Network,"ADB-1788188,ADB-1788946",1.48114E+12
84f6f587,301778,EP015223350705,unknown,NBC,N/A,"ADB-1788188,ADB-1788946",1.48065E+12
84f6f587,308117,EP000176170290,EP000176170290,Turner Network TV,Turner Network TV,"ADB-1788188,ADB-1788946",1.48065E+12
84f6f587,301778,EP015223350704,EP015223350704,NBC,NBC,"ADB-1788188,ADB-1788946",1.47984E+12
84f6f587,301784,EP015223350704,EP015223350704,NBC,NBC,"ADB-1788188,ADB-1788946",1.47984E+12
84f6f587,301784,EP000176170299,EP000176170299,Turner Network TV,Turner Network TV,"ADB-1788188,ADB-1788946",1.48127E+12
84f6f587,308122,EP003670780115,EP003670780115,CBS,CBS,"ADB-1788188,ADB-1788946",1.48127E+12
84f6f587,301778,EP019213280031,EP019213280031,Fox,Fox,"ADB-1788188,ADB-1788946",1.47966E+12
84f6f587,308117,EP021854510022,EP003169780041,CBS,MyNetworkTV,"ADB-1788188,ADB-1788946",1.47966E+12
84f6f587,308122,EP011117850362,EP011117850362,Food Network,Food Network,"ADB-1788188,ADB-1788946",1.47992E+12
84f6f587,301784,EP015223350705,unknown,NBC,N/A,"ADB-1788188,ADB-1788946",1.47992E+12
84f6f587,308122,EP011117850284,EP011117850284,Food Network,Food Network,"ADB-1788188,ADB-1788946",1.47939E+12
84f6f587,308122,EP000176170331,EP000176170331,Turner Network TV,Turner Network TV,"ADB-1788188,ADB-1788946",1.47939E+12
84f6f587,301785,EP000176170273,EP000176170273,Turner Network TV,Turner Network TV,"ADB-1788188,ADB-1788946",1.48039E+12
84f6f587,308122,EP019213280030,EP019213280030,Fox,Fox,"ADB-1788188,ADB-1788946",1.48039E+12
84f6f587,301784,EP015223350698,EP015223350698,NBC,NBC,"ADB-1788188,ADB-1788946",1.48048E+12
84f6f587,301778,EP015223350696,SH016511640000,NBC,VH1,"ADB-1788188,ADB-1788946",1.48048E+12
f6371705,308122,MV002519520000,MV002519520000,N/A,N/A,"ADB-3469625,ADB-3469623,ADB-3469612",1.48142E+12
23965467,308122,EP006819110296,EP006819110296,USA Network,USA Network,ADB-1788177,1.48142E+12
23965467,301778,unknown,unknown,N/A,N/A,ADB-1788177,1.48054E+12
23965467,301778,unknown,unknown,N/A,N/A,ADB-1788177,1.48054E+12
23965467,301778,unknown,unknown,N/A,N/A,ADB-1788177,1.47854E+12
23965467,301783,unknown,unknown,N/A,N/A,ADB-1788177,1.47854E+12
23965467,301783,unknown,unknown,N/A,N/A,ADB-1788177,1.48037E+12
23965467,301784,unknown,unknown,N/A,N/A,ADB-1788177,1.48037E+12
23965467,301783,unknown,unknown,N/A,N/A,ADB-1788177,1.47945E+12
23965467,301783,unknown,unknown,N/A,N/A,ADB-1788177,1.47945E+12
23965467,301778,unknown,unknown,N/A,N/A,ADB-1788177,1.48043E+12
23965467,301783,unknown,unknown,N/A,N/A,ADB-1788177,1.48043E+12
23965467,301784,EP021838110021,EP021838110021,Fox,Fox,ADB-1788177,1.48043E+12
23965467,301778,EP021838110021,EP021838110021,Fox,Fox,ADB-1788177,1.48043E+12
23965467,301783,unknown,EP023631990008,N/A,Fox,ADB-1788177,1.48043E+12
23965467,301783,unknown,unknown,N/A,N/A,ADB-1788177,1.48043E+12
23965467,301778,unknown,EP023306330008,N/A,The Learning Channel,ADB-1788177,1.47951E+12
23965467,301783,unknown,unknown,N/A,N/A,ADB-1788177,1.47951E+12
23965467,301783,unknown,unknown,N/A,N/A,ADB-1788177,1.47951E+12
23965467,301783,unknown,unknown,N/A,N/A,ADB-1788177,1.47951E+12
23965467,301778,unknown,EP000174760127,N/A,Hallmark Channel,ADB-1788177,1.48047E+12
23965467,301783,SH000191160000,EP000174760113,ABC,Hallmark Channel,ADB-1788177,1.48047E+12
23965467,301783,unknown,unknown,N/A,N/A,ADB-1788177,1.48048E+12
23965467,301783,unknown,EP023631990008,N/A,Fox,ADB-1788177,1.48048E+12
23965467,301778,EP019213280032,EP019213280032,Fox,Fox,ADB-1788177,1.48065E+12
23965467,308117,EP014192030114,EP014192030114,Fox,Fox,ADB-1788177,1.48065E+12
23965467,301784,unknown,unknown,N/A,N/A,ADB-1788177,1.48065E+12
23965467,301783,MV000388310000,MV000388310000,Hallmark Movies & Mysteries,Hallmark Movies & Mysteries,ADB-1788177,1.48065E+12
23965467,301778,unknown,unknown,N/A,N/A,ADB-1788177,1.48E+12
23965467,301784,unknown,unknown,N/A,N/A,ADB-1788177,1.48E+12
46331415,308117,EP012124070081,EP012124070081,History,History,ADB-3469614,1.48037E+12
46331415,301784,EP005520800597,EP005520800597,N/A,N/A,ADB-3469614,1.48037E+12
46331415,301784,EP005520800597,EP005520800597,N/A,N/A,ADB-3469614,1.47864E+12
46331415,308122,EP007322830303,EP007322830303,N/A,N/A,ADB-3469614,1.47864E+12
46331415,301784,EP005520800595,EP005520800595,N/A,N/A,ADB-3469614,1.4815E+12
46331415,308122,unknown,unknown,N/A,N/A,ADB-3469614,1.4815E+12
46331415,308122,EP017899670105,EP017899670105,Food Network,Food Network,ADB-3469614,1.48101E+12
46331415,301785,EP005520800597,EP005520800597,N/A,N/A,ADB-3469614,1.48101E+12
332724f3,308122,SH003257820000,SH003257820000,N/A,N/A,"ADB-1788188,ADB-1788945,ADB-1788946",1.48103E+12
332724f3,308122,EP003169780044,EP003169780044,USA Network,USA Network,"ADB-1788188,ADB-1788945,ADB-1788946",1.48103E+12
332724f3,308122,EP017211070565,EP017211070565,N/A,N/A,"ADB-1788188,ADB-1788945,ADB-1788946",1.47949E+12
332724f3,301778,EP014865730075,EP014865730075,Lifetime,Lifetime,"ADB-1788188,ADB-1788945,ADB-1788946",1.47949E+12
933474a3,301778,EP019152141851,EP019152141851,NBC,NBC,"ADB-1788188,ADB-1788972",1.48049E+12
17139776,301778,EP019152141896,EP019152141896,NBC,NBC,ADB-1788946,1.48049E+12
17139776,308117,EP015679150090,EP015679150090,NBC,NBC,ADB-1788946,1.48133E+12
17139776,308117,EP019152141895,EP019152141895,NBC,NBC,ADB-1788946,1.48133E+12
17139776,301784,EP015223350687,EP015223350687,NBC,NBC,ADB-1788946,1.48063E+12
17139776,308117,EP017386900065,EP017386900065,NBC,NBC,ADB-1788946,1.48063E+12
17139776,301784,EP015223350649,EP015223350649,NBC,NBC,ADB-1788946,1.48047E+12
17139776,301785,EP019152141904,EP019152141904,NBC,NBC,ADB-1788946,1.48047E+12
17139776,301778,EP015223350687,EP015223350687,NBC,NBC,ADB-1788946,1.48164E+12
17139776,301778,EP004847231734,EP004847231734,NBC,NBC,ADB-1788946,1.48164E+12
17139776,301785,EP017211070564,EP017211070564,NBC,NBC,ADB-1788946,1.48138E+12
17139776,301778,EP015223350649,EP015223350649,NBC,NBC,ADB-1788946,1.48138E+12
17139776,301784,EP015223350691,EP015223350691,NBC,NBC,ADB-1788946,1.4813E+12
17139776,308122,EP019152141903,EP019152141903,NBC,NBC,ADB-1788946,1.4813E+12
17139776,308122,EP019152141908,EP019152141908,NBC,NBC,ADB-1788946,1.4802E+12
17139776,301778,EP015223350684,EP015223350684,NBC,NBC,ADB-1788946,1.4802E+12
17139776,308117,EP015679150090,EP015679150090,NBC,NBC,ADB-1788946,1.48046E+12
17139776,308117,EP017899670105,EP017899670105,Food Network,Food Network,ADB-1788946,1.48046E+12
17139776,301784,EP019152141849,EP019152141849,NBC,NBC,ADB-1788946,1.48049E+12
17139776,301784,EP000191552737,EP000191552737,NBC,NBC,ADB-1788946,1.48049E+12
17139776,308122,unknown,unknown,N/A,N/A,ADB-1788946,1.48049E+12
17139776,301778,EP019152141896,EP019152141896,NBC,NBC,ADB-1788946,1.48049E+12
17139776,301778,EP015223350691,EP015223350691,NBC,NBC,ADB-1788946,1.48049E+12
17139776,308122,EP019152141911,EP019152141911,NBC,NBC,ADB-1788946,1.48049E+12
17139776,308122,EP019152141894,EP019152141894,NBC,NBC,ADB-1788946,1.48047E+12
17139776,301784,EP015223350684,EP015223350684,NBC,NBC,ADB-1788946,1.48047E+12
34367386,308117,EP015679150090,EP015679150090,NBC,NBC,ADB-1788188,1.48039E+12
94431534,301784,EP000191483269,EP000191483269,ABC,ABC,ADB-3469625,1.48039E+12
94431534,308122,EP013412100068,EP013412100068,History,History,ADB-3469625,1.47832E+12
94431534,301784,EP000191483269,EP000191483269,ABC,ABC,ADB-3469625,1.47832E+12
94431534,301778,EP000191483269,EP000191483269,ABC,ABC,ADB-3469625,1.48044E+12
94431534,301778,EP000191483269,EP000191483269,ABC,ABC,ADB-3469625,1.48044E+12
94431534,301783,unknown,unknown,N/A,N/A,ADB-3469625,1.48044E+12
94431534,308122,EP015899250053,EP015899250053,History,History,ADB-3469625,1.48044E+12
94431534,301772,EP000191483262,EP000191483262,Turner Network TV,Turner Network TV,ADB-3469625,1.48156E+12
94431534,301778,EP000191483199,EP000191483199,ABC,ABC,ADB-3469625,1.48156E+12
94431534,301784,EP000191483199,EP000191483199,ABC,ABC,ADB-3469625,1.47866E+12
94431534,301778,EP000191483199,EP000191483199,ABC,ABC,ADB-3469625,1.47866E+12
94431534,308122,unknown,unknown,N/A,N/A,ADB-3469625,1.47924E+12
94431534,301772,EP000191483256,EP000191483256,Turner Network TV,Turner Network TV,ADB-3469625,1.47924E+12
94431534,301784,EP000191483199,EP000191483199,ABC,ABC,ADB-3469625,1.48048E+12
94431534,301784,EP000191483269,EP000191483269,ABC,ABC,ADB-3469625,1.48048E+12
94431534,301778,EP000191483269,EP000191483269,ABC,ABC,ADB-3469625,1.48105E+12
94431534,308117,EP024095660001,EP024095660001,Discovery Channel,Discovery Channel,ADB-3469625,1.48105E+12
94431534,308122,unknown,unknown,N/A,N/A,ADB-3469625,1.47866E+12
456784f4,301784,MV002386580000,MV002386580000,N/A,N/A,ADB-1788188,1.47866E+12
26e6b455,308122,EP007542010284,EP007542010284,Fox,Fox,"ADB-1788188,ADB-1788946,ADB-1788177",1.47992E+12
26e6b455,301772,EP019223100046,EP019223100046,CBS,CBS,"ADB-1788188,ADB-1788946,ADB-1788177",1.47992E+12
26e6b455,308122,EP009311820217,EP009311820217,CBS,CBS,"ADB-1788188,ADB-1788946,ADB-1788177",1.47815E+12
26e6b455,308122,EP007542010286,EP007542010286,Fox,Fox,"ADB-1788188,ADB-1788946,ADB-1788177",1.47815E+12
26e6b455,301783,unknown,unknown,N/A,N/A,"ADB-1788188,ADB-1788946,ADB-1788177",1.47934E+12
26e6b455,308117,EP017390480051,EP017390480051,Fox,Fox,"ADB-1788188,ADB-1788946,ADB-1788177",1.47934E+12
26e6b455,301783,unknown,unknown,N/A,N/A,"ADB-1788188,ADB-1788946,ADB-1788177",1.48044E+12
26e6b455,308122,EP007331290310,EP007331290310,Discovery Channel,Discovery Channel,"ADB-1788188,ADB-1788946,ADB-1788177",1.48044E+12
26e6b455,301783,unknown,EP019062760126,N/A,CBS,"ADB-1788188,ADB-1788946,ADB-1788177",1.48044E+12
26e6b455,301783,unknown,unknown,N/A,N/A,"ADB-1788188,ADB-1788946,ADB-1788177",1.48044E+12
26e6b455,308122,EP006819110325,EP006819110325,CBS,CBS,"ADB-1788188,ADB-1788946,ADB-1788177",1.47906E+12
26e6b455,301783,unknown,unknown,N/A,N/A,"ADB-1788188,ADB-1788946,ADB-1788177",1.47906E+12
26e6b455,301783,EP007542010284,EP007542010284,Fox,Fox,"ADB-1788188,ADB-1788946,ADB-1788177",1.48081E+12
26e6b455,301772,EP019223100046,EP019223100046,CBS,CBS,"ADB-1788188,ADB-1788946,ADB-1788177",1.48081E+12
26e6b455,301783,CBS-Morning-News2-7,unknown,N/A,N/A,"ADB-1788188,ADB-1788946,ADB-1788177",1.48047E+12
26e6b455,308122,unknown,unknown,N/A,N/A,"ADB-1788188,ADB-1788946,ADB-1788177",1.48047E+12
26e6b455,301783,EP021854290024,EP021854290024,CBS,CBS,"ADB-1788188,ADB-1788946,ADB-1788177",1.48047E+12
26e6b455,301772,EP019223100046,EP019223100046,CBS,CBS,"ADB-1788188,ADB-1788946,ADB-1788177",1.48047E+12
26e6b455,301778,EP022207370013,EP022207370013,National Geographic Channel,National Geographic Channel,"ADB-1788188,ADB-1788946,ADB-1788177",1.48047E+12
751517a3,301784,unknown,unknown,N/A,N/A,ADB-1788188,1.48047E+12
57658427,301772,EP000191483229,unknown,Turner Network TV,N/A,ADB-1788961,1.47848E+12
57658427,301784,SH023889310000,SH023889310000,BET,BET,ADB-1788961,1.47848E+12
57658427,301772,EP000191483229,EP000191483229,Turner Network TV,Turner Network TV,ADB-1788961,1.48048E+12
57658427,301778,SH023889310000,SH023889310000,BET,BET,ADB-1788961,1.48048E+12
57658427,301772,EP000191483229,EP000191483229,Turner Network TV,Turner Network TV,ADB-1788961,1.48048E+12
57658427,301778,EP019213280031,EP019213280031,Fox,Fox,ADB-1788961,1.48048E+12
57658427,308122,EP019213280030,EP019213280030,Fox,Fox,ADB-1788961,1.48048E+12
44a59447,301778,unknown,EP000191483199,N/A,ABC,"ADB-1788188,ADB-1788976",1.48048E+12
44a59447,301778,EP019213280031,EP019213280031,Fox,Fox,"ADB-1788188,ADB-1788976",1.48155E+12
44a59447,301784,EP000191483199,EP000191483199,ABC,ABC,"ADB-1788188,ADB-1788976",1.48155E+12
44a59447,301783,SH000199170000,SH000199170000,ESPN,ESPN,"ADB-1788188,ADB-1788976",1.47889E+12
44a59447,301784,unknown,EP000191483199,N/A,ABC,"ADB-1788188,ADB-1788976",1.47889E+12
44a59447,301778,EP000191483199,EP000191483199,ABC,ABC,"ADB-1788188,ADB-1788976",1.48105E+12
7445552,301778,EP020820940001,EP020820940001,HGTV,HGTV,"ADB-1788188,ADB-1788946",1.48105E+12
7445552,308122,EP000037101012,EP000037101012,NBC,NBC,"ADB-1788188,ADB-1788946",1.47835E+12
7445552,308122,EP020820940008,EP020820940008,HGTV,HGTV,"ADB-1788188,ADB-1788946",1.47835E+12
7445552,308122,EP015409850054,EP015409850054,HGTV,HGTV,"ADB-1788188,ADB-1788946",1.48163E+12
5667a342,308117,EP000176170282,EP000176170282,Turner Network TV,Turner Network TV,ADB-3469614,1.48163E+12
5667a342,301783,unknown,EP021834040001,N/A,NBC,ADB-3469614,1.4815E+12
35053624,301778,EP019213280031,EP019213280031,Fox,Fox,"ADB-3469623,ADB-3469626,ADB-3469612,ADB-3469625,ADB-3469624,ADB-3469634,ADB-3469614",1.4815E+12
35053624,308122,EP007399290331,EP007399290331,Fox,Fox,"ADB-3469623,ADB-3469626,ADB-3469612,ADB-3469625,ADB-3469624,ADB-3469634,ADB-3469614",1.48045E+12
35053624,301783,unknown,unknown,N/A,N/A,"ADB-3469623,ADB-3469626,ADB-3469612,ADB-3469625,ADB-3469624,ADB-3469634,ADB-3469614",1.48045E+12
35053624,301778,EP010783390211,EP010783390211,HGTV,HGTV,"ADB-3469623,ADB-3469626,ADB-3469612,ADB-3469625,ADB-3469624,ADB-3469634,ADB-3469614",1.47847E+12
35053624,301778,EP019213280032,EP019213280032,Fox,Fox,"ADB-3469623,ADB-3469626,ADB-3469612,ADB-3469625,ADB-3469624,ADB-3469634,ADB-3469614",1.47847E+12
13447396,301772,EP000191483256,EP000191483256,Turner Network TV,Turner Network TV,ADB-1788177,1.48151E+12
17471704,308117,EP000018937461,unknown,ABC,N/A,ADB-3469628,1.48151E+12
34257705,301783,EP011809450102,EP011809450102,ESPN2,ESPN2,"ADB-3469623,ADB-3469626,ADB-3469625,ADB-3469624,ADB-3469634",1.48148E+12
3.48E+09,301778,EP000169160014,EP000169160014,TBS,TBS,"ADB-3469626,ADB-3469619",1.48148E+12
b4952444,301778,EP000174130098,EP000174130098,BET,BET,"ADB-1788188,ADB-3469634,ADB-3469619,ADB-1788177",1.48028E+12
b4952444,301784,SH023889310000,SH023889310000,BET,BET,"ADB-1788188,ADB-3469634,ADB-3469619,ADB-1788177",1.48028E+12
b4952444,308122,EP017031950059,EP017031950059,HGTV,HGTV,"ADB-1788188,ADB-3469634,ADB-3469619,ADB-1788177",1.47846E+12
b4952444,301778,SH023889310000,SH023889310000,BET,BET,"ADB-1788188,ADB-3469634,ADB-3469619,ADB-1788177",1.47846E+12
b4952444,301784,EP000174130098,EP000174130098,BET,BET,"ADB-1788188,ADB-3469634,ADB-3469619,ADB-1788177",1.47873E+12
343506d5,301783,EP018423000373,EP018423000373,NBC,NBC,"ADB-1788960,ADB-3469623,ADB-1788177,ADB-3469626,ADB-1788966,ADB-3469612,ADB-1788188,ADB-3469619,ADB-3469582,ADB-1788951,ADB-3469624,ADB-1788961,ADB-3469634,ADB-3469614",1.47873E+12
343506d5,301783,unknown,EP021854300007,N/A,CBS,"ADB-1788960,ADB-3469623,ADB-1788177,ADB-3469626,ADB-1788966,ADB-3469612,ADB-1788188,ADB-3469619,ADB-3469582,ADB-1788951,ADB-3469624,ADB-1788961,ADB-3469634,ADB-3469614",1.47847E+12
37261743,301783,unknown,unknown,N/A,N/A,"ADB-3469603,ADB-3469581,ADB-3469582",1.47847E+12
37261743,301785,unknown,unknown,N/A,N/A,"ADB-3469603,ADB-3469581,ADB-3469582",1.48147E+12
66f334d4,308122,EP000031384601,EP000031384601,ABC,ABC,"ADB-1788188,ADB-1788963",1.48147E+12
66f334d4,301778,EP005520800597,EP005520800597,Fox,Fox,"ADB-1788188,ADB-1788963",1.48056E+12
66f334d4,301784,EP005455792538,EP005455792538,ABC,ABC,"ADB-1788188,ADB-1788963",1.48056E+12
66f334d4,308122,EP005455792538,EP005455792538,ABC,ABC,"ADB-1788188,ADB-1788963",1.48056E+12
44848546,301785,unknown,unknown,N/A,N/A,"ADB-3469604,ADB-1788974",1.48056E+12
36234534,301778,unknown,unknown,N/A,N/A,ADB-1788188,1.47818E+12
2635a666,308117,EP009311820068,EP009311820068,TBS,TBS,ADB-3469625,1.47818E+12
2635a666,301784,EP019229360048,EP019229360048,The CW,The CW,ADB-3469625,1.48046E+12
2635a666,308122,EP009311820065,EP009311820065,TBS,TBS,ADB-3469625,1.48046E+12
355797a7,308122,EP013657560269,EP013657560269,N/A,N/A,ADB-1788188,1.47848E+12
355797a7,301784,EP005520800597,EP005520800597,N/A,N/A,ADB-1788188,1.47848E+12
355797a7,301778,EP005520800597,EP005520800597,N/A,N/A,ADB-1788188,1.48154E+12
355797a7,301785,EP005520800597,EP005520800597,N/A,N/A,ADB-1788188,1.48154E+12
355797a7,308117,EP000000351289,EP000000351289,N/A,N/A,ADB-1788188,1.48154E+12
56b47577,301772,unknown,EP000191483224,N/A,Turner Network TV,"ADB-3469614,ADB-3469625,ADB-3469619",1.48154E+12
56b47577,301772,EP000191483248,unknown,Turner Network TV,N/A,"ADB-3469614,ADB-3469625,ADB-3469619",1.47932E+12
56b47577,301772,unknown,EP000191483228,N/A,Turner Network TV,"ADB-3469614,ADB-3469625,ADB-3469619",1.47932E+12
56b47577,301784,unknown,MV003979370000,N/A,FXX,"ADB-3469614,ADB-3469625,ADB-3469619",1.48125E+12
a752f6d4,301778,EP021836870004,EP021836870004,NBC,NBC,"ADB-1788963,ADB-1788177,ADB-1788972,ADB-1788188,ADB-1788951,ADB-1788946",1.48125E+12
94966626,301785,EP017392440065,EP017392440065,ABC,ABC,ADB-3469614,1.47813E+12
a704e543,301783,unknown,unknown,N/A,N/A,"ADB-3469623,ADB-3469626,ADB-3469612,ADB-3469625,ADB-3469624,ADB-3469634,ADB-3469614",1.47813E+12
63979366,301778,unknown,unknown,N/A,N/A,"ADB-1788963,ADB-1788966,ADB-1788188,ADB-1788946",1.47951E+12
262514d4,301778,EP003267331571,unknown,HGTV,N/A,"ADB-1788963,ADB-1788966,ADB-1788188,ADB-1788946",1.47951E+12
63979366,301778,EP020361710016,unknown,ABC,N/A,"ADB-1788963,ADB-1788966,ADB-1788188,ADB-1788946",1.48146E+12
26e45536,301772,EP019223100046,EP019223100046,CBS,CBS,ADB-3469610,1.48146E+12
26e45536,308122,EP006819110124,EP006819110124,USA Network,USA Network,ADB-3469610,1.47891E+12
26e45536,308117,EP007537910271,EP007537910271,CBS,CBS,ADB-3469610,1.47891E+12
26e45536,308117,EP007537910271,EP007537910271,CBS,CBS,ADB-3469610,1.48139E+12
26e45536,308122,EP006819110325,EP006819110325,CBS,CBS,ADB-3469610,1.48139E+12
569486c6,301784,EP005455792551,EP005455792551,ABC,ABC,"ADB-3469604,ADB-3469626,ADB-1788966,ADB-3469619,ADB-1788951,ADB-1788961,ADB-3469634",1.47936E+12
a6956482,301783,unknown,unknown,N/A,N/A,ADB-1788177,1.47936E+12
a6956482,301783,SP003372570000,SP003372570000,Sportstime Ohio,Sportstime Ohio,ADB-1788177,1.47827E+12
a6956482,301783,unknown,unknown,N/A,N/A,ADB-1788177,1.47827E+12
a6956482,301783,unknown,MV001620960000,N/A,VH1,ADB-1788177,1.47927E+12
a6956482,301783,EP023730050006,EP023730050002,ESPN2,NFL Network,ADB-1788177,1.47927E+12
a6956482,301784,EP005520800595,EP005520800595,Fox,Fox,ADB-1788177,1.47953E+12
4756f755,301772,unknown,unknown,N/A,N/A,"ADB-3469634,ADB-3469624",1.47953E+12
4756f755,301783,unknown,unknown,N/A,N/A,"ADB-3469634,ADB-3469624",1.48141E+12
96c68754,301778,MV002349200000,MV002349200000,BET,BET,ADB-1788966,1.48141E+12
37379764,308117,unknown,unknown,N/A,N/A,ADB-1788177,1.47925E+12
a6944645,301778,unknown,unknown,N/A,N/A,"ADB-1788951,ADB-1788188,ADB-1788946,ADB-1788961",1.47925E+12
66c44515,308122,EP024095770007,EP024095770007,Discovery Channel,Discovery Channel,ADB-1788972,1.48036E+12
66c44515,308122,EP014774810086,EP014774810086,AMC,AMC,ADB-1788972,1.48036E+12
66c44515,308122,unknown,EP019231530036,N/A,Discovery Channel,ADB-1788972,1.48E+12
66c44515,308117,EP014192030114,EP014192030114,Fox,Fox,ADB-1788972,1.48E+12
66c44515,308122,EP000018937474,EP000018937474,ABC,ABC,ADB-1788972,1.48147E+12
66c44515,308122,EP014774810086,EP014774810086,AMC,AMC,ADB-1788972,1.48147E+12
66c44515,308122,EP018855880034,unknown,Discovery Channel,N/A,ADB-1788972,1.47977E+12
53031385,301772,EP000191483231,EP000191483231,Turner Network TV,Turner Network TV,ADB-3469614,1.47977E+12
53031385,301772,EP000191483224,EP000191483224,Turner Network TV,Turner Network TV,ADB-3469614,1.48166E+12
53031385,308122,EP000191483231,unknown,Turner Network TV,N/A,ADB-3469614,1.48166E+12
74b54667,308117,EP007473660523,EP007473660523,ABC,ABC,ADB-1788177,1.47977E+12
53358743,301785,EP005520800597,EP005520800597,Fox,Fox,"ADB-3469623,ADB-3469625",1.47977E+12
53358743,301784,EP005520800597,EP005520800597,Fox,Fox,"ADB-3469623,ADB-3469625",1.48121E+12
53358743,308122,EP011594940460,EP011594940460,History,History,"ADB-3469623,ADB-3469625",1.48121E+12
53358743,301778,EP005520800597,EP005520800597,Fox,Fox,"ADB-3469623,ADB-3469625",1.48121E+12
4314c437,301772,EP005544654869,EP005544654869,Fox,Fox,"ADB-1788951,ADB-1788188",1.48121E+12
4314c437,308117,EP019152141895,EP019152141895,NBC,NBC,"ADB-1788951,ADB-1788188",1.47982E+12
8444b433,308122,unknown,EP000191552879,N/A,NBC,"ADB-1788951,ADB-1788188",1.47982E+12
8444b433,308122,EP000018937485,EP000018937485,ABC,ABC,"ADB-1788951,ADB-1788188",1.48104E+12
4314c437,308117,EP018423000366,EP018423000366,NBC,NBC,"ADB-1788951,ADB-1788188",1.48104E+12
4314c437,308122,EP017211070524,EP017211070524,NBC,NBC,"ADB-1788951,ADB-1788188",1.48089E+12
4314c437,301772,EP005544654869,EP005544654869,Fox,Fox,"ADB-1788951,ADB-1788188",1.48089E+12
23041493,301772,EP000191483248,EP000191483248,Turner Network TV,Turner Network TV,"ADB-3469625,ADB-1788951,ADB-1788188",1.47891E+12
23041493,301772,EP000191483279,EP000191483279,Turner Network TV,Turner Network TV,"ADB-3469625,ADB-1788951,ADB-1788188",1.47891E+12
23041493,301784,EP000191483199,EP000191483199,ABC,ABC,"ADB-3469625,ADB-1788951,ADB-1788188",1.4795E+12
23041493,301778,EP000191483199,EP000191483199,ABC,ABC,"ADB-3469625,ADB-1788951,ADB-1788188",1.4795E+12
23041493,301778,EP000191483199,EP000191483199,ABC,ABC,"ADB-3469625,ADB-1788951,ADB-1788188",1.47978E+12
c66446c6,301783,MV003820570000,MV003820570000,FX,FX,"ADB-3469634,ADB-3469624,ADB-3469625,ADB-3469626",1.47978E+12
c66446c6,308117,MV001689700000,MV001689700000,Turner Network TV,Turner Network TV,"ADB-3469634,ADB-3469624,ADB-3469625,ADB-3469626",1.48148E+12
22b486b7,301778,unknown,unknown,N/A,N/A,ADB-1788177,1.48148E+12
86c47396,308122,EP000018937473,EP000018937473,ABC,ABC,ADB-1788177,1.48052E+12
86c47396,308122,EP000018937478,EP000018937478,ABC,ABC,ADB-1788177,1.48052E+12
86c47396,308122,EP000018937485,EP000018937485,ABC,ABC,ADB-1788177,1.48138E+12
86c47396,301784,EP000018937480,EP000018937480,ABC,ABC,ADB-1788177,1.48138E+12
86c47396,308117,EP000018937479,EP000018937479,ABC,ABC,ADB-1788177,1.48138E+12
86c47396,301785,EP000018937460,EP000018937460,ABC,ABC,ADB-1788177,1.48138E+12
86c47396,308117,EP000018937461,EP000018937461,ABC,ABC,ADB-1788177,1.48143E+12
86c47396,308122,EP000018937474,EP000018937474,ABC,ABC,ADB-1788177,1.48143E+12
f7578506,301778,MV002001050000,EP007542310249,AMC,The CW,ADB-3469626,1.48046E+12
65837565,308117,EP021838640013,EP021838640013,Fox,Fox,ADB-3469626,1.48046E+12
65837565,301772,EP019223100046,EP019223100046,CBS,CBS,ADB-3469626,1.48046E+12
85a69496,308117,EP021838640013,EP021838640013,Fox,Fox,"ADB-1788188,ADB-1788966,ADB-1788951",1.48046E+12
85a69496,301784,unknown,EP017211070532,N/A,NBC,"ADB-1788188,ADB-1788966,ADB-1788951",1.47996E+12
85a69496,308122,EP021838640012,EP021838640012,Fox,Fox,"ADB-1788188,ADB-1788966,ADB-1788951",1.47996E+12
85a69496,301778,EP019152141896,EP019152141896,NBC,NBC,"ADB-1788188,ADB-1788966,ADB-1788951",1.48146E+12
85a69496,308117,EP017390480051,EP017390480051,Fox,Fox,"ADB-1788188,ADB-1788966,ADB-1788951",1.48146E+12
85a69496,301778,EP021838110021,EP021838110021,Fox,Fox,"ADB-1788188,ADB-1788966,ADB-1788951",1.48141E+12
85a69496,301778,EP019152141898,EP019152141898,NBC,NBC,"ADB-1788188,ADB-1788966,ADB-1788951",1.48141E+12
85a69496,301785,EP015693720093,EP015693720093,The CW,The CW,"ADB-1788188,ADB-1788966,ADB-1788951",1.48134E+12
85a69496,301778,EP019213280032,EP019213280032,Fox,Fox,"ADB-1788188,ADB-1788966,ADB-1788951",1.48134E+12
85a69496,308122,EP017390480051,EP017390480051,Fox,Fox,"ADB-1788188,ADB-1788966,ADB-1788951",1.48052E+12
85a69496,301784,unknown,unknown,N/A,N/A,"ADB-1788188,ADB-1788966,ADB-1788951",1.48052E+12
85a69496,301778,EP021838640009,EP021838640009,Fox,Fox,"ADB-1788188,ADB-1788966,ADB-1788951",1.48045E+12
85a69496,301784,EP019229360048,EP019229360048,The CW,The CW,"ADB-1788188,ADB-1788966,ADB-1788951",1.48045E+12
85a69496,308122,EP019152141903,EP019152141903,NBC,NBC,"ADB-1788188,ADB-1788966,ADB-1788951",1.48157E+12
85a69496,301778,EP015223350703,EP015223350703,NBC,NBC,"ADB-1788188,ADB-1788966,ADB-1788951",1.48157E+12
85a69496,308122,EP017390480051,EP017390480051,Fox,Fox,"ADB-1788188,ADB-1788966,ADB-1788951",1.48106E+12
85a69496,308122,EP019213280030,EP019213280030,Fox,Fox,"ADB-1788188,ADB-1788966,ADB-1788951",1.48106E+12
85a69496,301784,unknown,unknown,N/A,N/A,"ADB-1788188,ADB-1788966,ADB-1788951",1.48106E+12
85a69496,308117,EP007322830301,EP007322830301,ABC,ABC,"ADB-1788188,ADB-1788966,ADB-1788951",1.48106E+12
85a69496,301784,EP021838110021,EP021838110021,Fox,Fox,"ADB-1788188,ADB-1788966,ADB-1788951",1.48035E+12
85a69496,301778,EP017403980045,EP017403980045,The CW,The CW,"ADB-1788188,ADB-1788966,ADB-1788951",1.48035E+12
85a69496,301785,EP000176170273,EP000176170273,Turner Network TV,Turner Network TV,"ADB-1788188,ADB-1788966,ADB-1788951",1.48124E+12
85a69496,301778,EP019152141896,EP019152141896,NBC,NBC,"ADB-1788188,ADB-1788966,ADB-1788951",1.48124E+12
85a69496,301778,EP007542310249,EP007542310249,The CW,The CW,"ADB-1788188,ADB-1788966,ADB-1788951",1.47872E+12
85a69496,308117,EP019152141895,EP019152141895,NBC,NBC,"ADB-1788188,ADB-1788966,ADB-1788951",1.47872E+12
85a69496,301784,EP015223350703,EP015223350703,NBC,NBC,"ADB-1788188,ADB-1788966,ADB-1788951",1.48022E+12
85a69496,301785,unknown,unknown,N/A,N/A,"ADB-1788188,ADB-1788966,ADB-1788951",1.48022E+12
85a69496,308122,EP009089410249,EP009089410249,Food Network,Food Network,"ADB-1788188,ADB-1788966,ADB-1788951",1.48081E+12
46c444f3,308117,EP022099820009,EP022099820009,AMC,AMC,ADB-3469612,1.48081E+12
46c444f3,301784,EP007322830298,EP007322830298,ABC,ABC,ADB-3469612,1.4816E+12
46c444f3,301784,SH011148840000,EP000018937475,The CW,ABC,ADB-3469612,1.4816E+12
46c444f3,308122,EP000018937478,EP000018937478,ABC,ABC,ADB-3469612,1.48044E+12
46c444f3,301785,EP000018937460,EP000018937460,ABC,ABC,ADB-3469612,1.48044E+12
46c444f3,308122,EP000018937485,EP000018937485,ABC,ABC,ADB-3469612,1.4808E+12
46c444f3,308122,EP022099820009,EP022099820009,AMC,AMC,ADB-3469612,1.4808E+12
46c444f3,308122,EP000018937473,EP000018937473,ABC,ABC,ADB-3469612,1.48043E+12
56d57313,301783,EP016344350582,unknown,Fox,N/A,ADB-3469625,1.48043E+12
432324b4,308122,EP009311820216,EP009311820216,CBS,CBS,ADB-1788177,1.47942E+12
432324b4,308122,EP009311820217,EP009311820217,CBS,CBS,ADB-1788177,1.47942E+12
87350756,308117,EP007473660523,EP007473660523,ABC,ABC,ADB-1788963,1.48047E+12
87350756,301778,EP000191483199,EP000191483199,ABC,ABC,ADB-1788963,1.48047E+12
87350756,301778,EP000191483199,EP000191483199,ABC,ABC,ADB-1788963,1.47814E+12
2724b503,308122,unknown,unknown,N/A,N/A,"ADB-3469623,ADB-3469626,ADB-3469612,ADB-3469625,ADB-3469624,ADB-3469634,ADB-3469614",1.47814E+12
2724b503,308122,unknown,unknown,N/A,N/A,"ADB-3469623,ADB-3469626,ADB-3469612,ADB-3469625,ADB-3469624,ADB-3469634,ADB-3469614",1.48031E+12
2724b503,301778,EP023115500002,EP019218450039,Fox,ABC,"ADB-3469623,ADB-3469626,ADB-3469612,ADB-3469625,ADB-3469624,ADB-3469634,ADB-3469614",1.48031E+12
2724b503,301778,EP005520800596,EP005520800596,Fox,Fox,"ADB-3469623,ADB-3469626,ADB-3469612,ADB-3469625,ADB-3469624,ADB-3469634,ADB-3469614",1.47926E+12
2724b503,301783,unknown,unknown,N/A,N/A,"ADB-3469623,ADB-3469626,ADB-3469612,ADB-3469625,ADB-3469624,ADB-3469634,ADB-3469614",1.47926E+12
f4d71367,308122,EP019152141908,EP019152141908,NBC,NBC,ADB-3469625,1.48052E+12
46b454e7,308117,EP007537910271,EP007537910271,CBS,CBS,"ADB-1788188,ADB-1788961,ADB-1788959,ADB-1788974",1.48052E+12
46b454e7,301778,EP007473660528,unknown,ABC,N/A,"ADB-1788188,ADB-1788961,ADB-1788959,ADB-1788974",1.48106E+12
6396a345,308122,EP013412100068,EP013412100068,History,History,"ADB-3469605,ADB-3469623,ADB-3469610,ADB-3469626,ADB-3469612,ADB-3469625,ADB-3469624,ADB-3469634,ADB-3469614",1.48106E+12
6396a345,308122,EP015899250085,EP015899250085,History,History,"ADB-3469605,ADB-3469623,ADB-3469610,ADB-3469626,ADB-3469612,ADB-3469625,ADB-3469624,ADB-3469634,ADB-3469614",1.4784E+12
9756d683,301783,unknown,unknown,N/A,N/A,"ADB-3469623,ADB-3469626,ADB-3469624,ADB-3469628,ADB-3469634,ADB-3469614",1.4784E+12
9756d683,308117,EP007322830301,EP007322830301,ABC,ABC,"ADB-3469623,ADB-3469626,ADB-3469624,ADB-3469628,ADB-3469634,ADB-3469614",1.48061E+12
9756d683,301783,EP021846800005,EP021846800005,ABC,ABC,"ADB-3469623,ADB-3469626,ADB-3469624,ADB-3469628,ADB-3469634,ADB-3469614",1.48061E+12
9756d683,308122,EP021846800005,EP021846800005,ABC,ABC,"ADB-3469623,ADB-3469626,ADB-3469624,ADB-3469628,ADB-3469634,ADB-3469614",1.47995E+12
9756d683,301785,EP005455792555,EP005455792555,ABC,ABC,"ADB-3469623,ADB-3469626,ADB-3469624,ADB-3469628,ADB-3469634,ADB-3469614",1.47995E+12
9756d683,301783,unknown,unknown,N/A,N/A,"ADB-3469623,ADB-3469626,ADB-3469624,ADB-3469628,ADB-3469634,ADB-3469614",1.48047E+12
9756d683,308122,EP019213280030,EP019213280030,Fox,Fox,"ADB-3469623,ADB-3469626,ADB-3469624,ADB-3469628,ADB-3469634,ADB-3469614",1.48047E+12
9756d683,301783,EP021846800004,EP021846800004,ABC,ABC,"ADB-3469623,ADB-3469626,ADB-3469624,ADB-3469628,ADB-3469634,ADB-3469614",1.47953E+12
3.63E+12,301772,EP005544654870,EP005544654870,Fox,Fox,ADB-1788188,1.47953E+12
3.63E+12,301772,EP005544654870,unknown,Fox,N/A,ADB-1788188,1.47943E+12
3.63E+12,301772,EP005544654870,EP005544654870,Fox,Fox,ADB-1788188,1.47943E+12
3.63E+12,301772,EP005544654870,EP005544654870,Fox,Fox,ADB-1788188,1.47943E+12
3.63E+12,301772,EP005544654870,EP005544654870,Fox,Fox,ADB-1788188,1.47943E+12
a4b34364,301778,EP019213280031,EP019213280031,Fox,Fox,ADB-1788951,1.47831E+12
a4b34364,301778,unknown,unknown,N/A,N/A,ADB-1788951,1.47831E+12
a4b34364,308122,EP019213280030,EP019213280030,Fox,Fox,ADB-1788951,1.47864E+12
64c6a4b5,308122,EP009089410172,EP009089410172,Food Network,Food Network,ADB-3469614,1.47864E+12
64c6a4b5,301778,EP019152141898,EP019152141898,NBC,NBC,ADB-3469614,1.48139E+12
64c6a4b5,308122,EP005544654874,EP005544654874,Fox,Fox,ADB-3469614,1.48139E+12
64c6a4b5,301778,unknown,unknown,N/A,N/A,ADB-3469614,1.48139E+12
04a57534,308117,EP009311820203,EP009311820203,CBS,CBS,ADB-3469610,1.48139E+12
74e38344,301778,unknown,unknown,N/A,N/A,"ADB-3469623,ADB-3469612,ADB-3469625,ADB-3469624,ADB-3469634,ADB-3469614",1.47882E+12
74e38344,301772,EP023606650003,EP023606650003,CBS,CBS,"ADB-3469623,ADB-3469612,ADB-3469625,ADB-3469624,ADB-3469634,ADB-3469614",1.47882E+12
74e38344,301778,MV002139720000,MV002139720000,N/A,N/A,"ADB-3469623,ADB-3469612,ADB-3469625,ADB-3469624,ADB-3469634,ADB-3469614",1.47913E+12
74e38344,301783,unknown,unknown,N/A,N/A,"ADB-3469623,ADB-3469612,ADB-3469625,ADB-3469624,ADB-3469634,ADB-3469614",1.47913E+12
74e38344,308122,unknown,unknown,N/A,N/A,"ADB-3469623,ADB-3469612,ADB-3469625,ADB-3469624,ADB-3469634,ADB-3469614",1.48048E+12
74e38344,308122,EP013657560269,EP013657560269,NBC,NBC,"ADB-3469623,ADB-3469612,ADB-3469625,ADB-3469624,ADB-3469634,ADB-3469614",1.48048E+12
74e38344,301784,unknown,unknown,N/A,N/A,"ADB-3469623,ADB-3469612,ADB-3469625,ADB-3469624,ADB-3469634,ADB-3469614",1.48049E+12
3.64E+08,308117,EP000000351289,EP000000351289,CBS,CBS,"ADB-1788188,ADB-1788949",1.48049E+12
3.64E+08,308122,EP000000351291,EP000000351291,CBS,CBS,"ADB-1788188,ADB-1788949",1.48048E+12
3.64E+08,308122,EP018338620039,EP018338620039,E!,E!,"ADB-1788188,ADB-1788949",1.48048E+12
3.64E+08,301784,EP000031384605,EP000031384605,ABC,ABC,"ADB-1788188,ADB-1788949",1.48079E+12
9446a415,301784,EP019229360048,EP019229360048,N/A,N/A,"ADB-1788188,ADB-1788977",1.48079E+12
9446a415,301785,unknown,unknown,N/A,N/A,"ADB-1788188,ADB-1788977",1.47837E+12
9446a415,301778,unknown,unknown,N/A,N/A,"ADB-1788188,ADB-1788977",1.47837E+12
9446a415,308122,unknown,EP003670780115,N/A,CBS,"ADB-1788188,ADB-1788977",1.48048E+12
9446a415,301785,EP019952930165,EP019952930165,CBS,CBS,"ADB-1788188,ADB-1788977",1.48048E+12
9446a415,301778,EP021862160012,EP021862160012,N/A,N/A,"ADB-1788188,ADB-1788977",1.48099E+12
9446a415,308122,unknown,unknown,N/A,N/A,"ADB-1788188,ADB-1788977",1.48099E+12
9446a415,301785,EP019952930165,EP019952930165,CBS,CBS,"ADB-1788188,ADB-1788977",1.48E+12
f522f336,308122,EP017390480051,EP017390480051,Fox,Fox,"ADB-1788188,ADB-3469623,ADB-3469634",1.48E+12
f522f336,301784,EP005520800597,EP005520800597,Fox,Fox,"ADB-1788188,ADB-3469623,ADB-3469634",1.48013E+12
f522f336,301784,EP005520800595,EP005520800595,Fox,Fox,"ADB-1788188,ADB-3469623,ADB-3469634",1.48013E+12
f522f336,301783,EP015686040097,EP015686040097,CBS,CBS,"ADB-1788188,ADB-3469623,ADB-3469634",1.4808E+12
f522f336,308117,EP017390480051,EP017390480051,Fox,Fox,"ADB-1788188,ADB-3469623,ADB-3469634",1.4808E+12
f522f336,301783,unknown,unknown,N/A,N/A,"ADB-1788188,ADB-3469623,ADB-3469634",1.4816E+12
f522f336,308117,unknown,unknown,N/A,N/A,"ADB-1788188,ADB-3469623,ADB-3469634",1.4816E+12